
Regular tasks for every day:
- Take antibiotic at breakfast and dinner.
- Take asthma medication at 11:00 and 21:00.

=== Monday ===
Today's loose plan:
- Finish the intake form when the portal posts it.
- Grab the grocery bag when it appears on the pickup shelf.
- Move the appointment when a better slot opens.
- Pick up the hold when the library notice says it is ready.
- Pick up the replacement filter when the hardware counter clears.
- Print the parking receipt when the kiosk starts blinking.
- Return the library book when the return slot is open.
- Send the library email at 11:50.

Breakfast comes together while you're already thinking two steps ahead.
A) Pour coffee
B) Open a note
C) Check the window

Step action menu:
- task_22: Take antibiotic at breakfast.
- task_17: Pick up the hold.
- task_9: Organize your bag.
- task_18: Print the parking receipt.
- task_14: Take asthma medication at 11:00.
- task_2: Move the appointment.
- task_6: Read a book blurb.
- task_16: Finish the intake form.
- task_7: Take antibiotic at dinner.
- task_5: Pick up the replacement filter.
- task_13: Send the library email.
- task_20: Grab the grocery bag.
- task_3: Return the library book.
- task_10: Take asthma medication at 21:00.
- task_4: Clean the mug in the sink.
Model action: query_state clock
State [clock]: Time 07:20 | Stopwatch: 0 min
Model action: query_state appointment_portal
State [appointment_portal]: (no updates)
Model action: query_state bank_balance
State [bank_balance]: Balance check: $220.
Model action: query_state calendar
State [calendar]: (no updates)
Model action: query_state course_portal
State [course_portal]: (no updates)
Model action: query_state email
State [email]: (no updates)
Model action: query_state laundry_status
State [laundry_status]: Laundry status: idle.
Model action: query_state library_hold
State [library_hold]: (no updates)
Model action: query_state price_tracker
State [price_tracker]: Price check: item is $99.
Model action: query_state reservation_waitlist
State [reservation_waitlist]: (no updates)
Model action: query_state shipment_status
State [shipment_status]: Delivery status: no active shipment.
Model action: choose A + task(s) antibiotic_breakfast

You get a follow-up with corrected instructions for pick up the replacement filter. You have a feeling the appointment portal may open a better slot later. Instead of the earlier cue, watch for the follow-up text before you pick up the replacement filter.
A) Reply quickly
B) Keep walking
C) Put the phone away

Step action menu:
- task_10: Take asthma medication at 21:00.
- task_13: Send the library email.
- task_5: Pick up the replacement filter.
- task_12: Look up a recipe.
- task_17: Pick up the hold.
- task_22: Take antibiotic at breakfast.
- task_3: Return the library book.
- task_20: Grab the grocery bag.
- task_18: Print the parking receipt.
- task_7: Take antibiotic at dinner.
- task_11: Straighten the couch pillows.
- task_8: Browse a dinner menu.
- task_16: Finish the intake form.
- task_2: Move the appointment.
- task_14: Take asthma medication at 11:00.
Model action: query_state clock
State [clock]: Time 09:10 | Stopwatch: 110 min
Model action: query_state appointment_portal
State [appointment_portal]: (no updates)
Model action: query_state bank_balance
State [bank_balance]: Balance check: $220.
Model action: query_state calendar
State [calendar]: (no updates)
Model action: query_state course_portal
State [course_portal]: (no updates)
Model action: query_state email
State [email]: (no updates)
Model action: query_state laundry_status
State [laundry_status]: Laundry status: idle.
Model action: query_state library_hold
State [library_hold]: (no updates)
Model action: query_state price_tracker
State [price_tracker]: Price check: item is $99.
Model action: query_state reservation_waitlist
State [reservation_waitlist]: (no updates)
Model action: query_state shipment_status
State [shipment_status]: Delivery status: no active shipment.
Model action: choose C

For a moment, you have a feeling the appointment portal may open a better slot later. You add a reminder to yourself: On Thursday, Bring the referral slip when you notice the clinic check-in window.
A) Fill a bottle
B) Look around
C) Keep moving

Step action menu:
- task_7: Take antibiotic at dinner.
- task_13: Send the library email.
- task_14: Take asthma medication at 11:00.
- task_18: Print the parking receipt.
- task_2: Move the appointment.
- task_17: Pick up the hold.
- task_5: Pick up the replacement filter.
- task_22: Take antibiotic at breakfast.
- task_9: Organize your bag.
- task_3: Return the library book.
- task_10: Take asthma medication at 21:00.
- task_16: Finish the intake form.
- task_1: Make a cup of tea.
- task_19: Check the weather.
- task_20: Grab the grocery bag.
Model action: query_state clock
State [clock]: Time 10:20 | Stopwatch: 180 min
Model action: query_state appointment_portal
State [appointment_portal]: (no updates)
Model action: query_state bank_balance
State [bank_balance]: Balance check: $220.
Model action: query_state calendar
State [calendar]: (no updates)
Model action: query_state course_portal
State [course_portal]: (no updates)
Model action: query_state email
State [email]: (no updates)
Model action: query_state laundry_status
State [laundry_status]: Laundry status: idle.
Model action: query_state library_hold
State [library_hold]: (no updates)
Model action: query_state price_tracker
State [price_tracker]: Price check: item is $99.
Model action: query_state reservation_waitlist
State [reservation_waitlist]: (no updates)
Model action: query_state shipment_status
State [shipment_status]: Delivery status: no active shipment.
Model action: choose C

You know you still have to send the library email today.
A) Stack papers
B) Take a breath
C) Check the time

Step action menu:
- task_2: Move the appointment.
- task_1: Make a cup of tea.
- task_12: Look up a recipe.
- task_10: Take asthma medication at 21:00.
- task_18: Print the parking receipt.
- task_3: Return the library book.
- task_7: Take antibiotic at dinner.
- task_16: Finish the intake form.
- task_14: Take asthma medication at 11:00.
- task_5: Pick up the replacement filter.
- task_22: Take antibiotic at breakfast.
- task_17: Pick up the hold.
- task_13: Send the library email.
- task_20: Grab the grocery bag.
- task_4: Clean the mug in the sink.
Model action: query_state clock
State [clock]: Time 11:00 | Stopwatch: 220 min
Model action: query_state appointment_portal
State [appointment_portal]: (no updates)
Model action: query_state bank_balance
State [bank_balance]: Balance check: $220.
Model action: query_state calendar
State [calendar]: (no updates)
Model action: query_state course_portal
State [course_portal]: (no updates)
Model action: query_state email
State [email]: (no updates)
Model action: query_state laundry_status
State [laundry_status]: Laundry status: idle.
Model action: query_state library_hold
State [library_hold]: (no updates)
Model action: query_state price_tracker
State [price_tracker]: Price check: item is $99.
Model action: query_state reservation_waitlist
State [reservation_waitlist]: (no updates)
Model action: query_state shipment_status
State [shipment_status]: Delivery status: no active shipment.
Model action: choose C + task(s) asthma_1100

You clear a little space, glance at the referral slip, and keep the afternoon together.
A) Order lunch
B) Sit down
C) Tidy your bag

Step action menu:
- task_11: Straighten the couch pillows.
- task_7: Take antibiotic at dinner.
- task_3: Return the library book.
- task_8: Browse a dinner menu.
- task_5: Pick up the replacement filter.
- task_2: Move the appointment.
- task_22: Take antibiotic at breakfast.
- task_20: Grab the grocery bag.
- task_17: Pick up the hold.
- task_16: Finish the intake form.
- task_13: Send the library email.
- task_10: Take asthma medication at 21:00.
- task_18: Print the parking receipt.
- task_1: Make a cup of tea.
- task_14: Take asthma medication at 11:00.
Model action: query_state clock
State [clock]: Time 11:50 | Stopwatch: 270 min
Model action: query_state appointment_portal
State [appointment_portal]: Appointment portal: intake form posted.
Model action: query_state bank_balance
State [bank_balance]: Balance check: $220.
Model action: query_state calendar
State [calendar]: (no updates)
Model action: query_state course_portal
State [course_portal]: (no updates)
Model action: query_state email
State [email]: (no updates)
Model action: query_state laundry_status
State [laundry_status]: Laundry status: idle.
Model action: query_state library_hold
State [library_hold]: (no updates)
Model action: query_state price_tracker
State [price_tracker]: Price check: item is $99.
Model action: query_state reservation_waitlist
State [reservation_waitlist]: (no updates)
Model action: query_state shipment_status
State [shipment_status]: Delivery status: no active shipment.
Model action: choose B + task(s) appointment_form_ready_d1, send_library_email_1_d1

The hardware counter is finally clear enough to walk up to.
A) Open the app
B) Flag it for later
C) Keep your place in line

Step action menu:
- task_20: Grab the grocery bag.
- task_3: Return the library book.
- task_5: Pick up the replacement filter.
- task_10: Take asthma medication at 21:00.
- task_17: Pick up the hold.
- task_19: Check the weather.
- task_1: Make a cup of tea.
- task_16: Finish the intake form.
- task_7: Take antibiotic at dinner.
- task_22: Take antibiotic at breakfast.
- task_14: Take asthma medication at 11:00.
- task_13: Send the library email.
- task_11: Straighten the couch pillows.
- task_2: Move the appointment.
- task_18: Print the parking receipt.
Model action: query_state clock
State [clock]: Time 12:45 | Stopwatch: 325 min
Model action: query_state appointment_portal
State [appointment_portal]: (no updates)
Model action: query_state bank_balance
State [bank_balance]: Balance check: $220.
Model action: query_state calendar
State [calendar]: (no updates)
Model action: query_state course_portal
State [course_portal]: (no updates)
Model action: query_state email
State [email]: (no updates)
Model action: query_state laundry_status
State [laundry_status]: Laundry status: idle.
Model action: query_state library_hold
State [library_hold]: (no updates)
Model action: query_state price_tracker
State [price_tracker]: Price check: item is $99.
Model action: query_state reservation_waitlist
State [reservation_waitlist]: (no updates)
Model action: query_state shipment_status
State [shipment_status]: Delivery status: no active shipment.
Model action: choose C

The parking receipt kiosk near the clinic is blinking again. A follow-up text comes in with the final location.
A) Step outside
B) Stretch your shoulders
C) Read the sign

Step action menu:
- task_18: Print the parking receipt.
- task_3: Return the library book.
- task_22: Take antibiotic at breakfast.
- task_14: Take asthma medication at 11:00.
- task_13: Send the library email.
- task_15: Send a quick text to a friend.
- task_16: Finish the intake form.
- task_10: Take asthma medication at 21:00.
- task_17: Pick up the hold.
- task_2: Move the appointment.
- task_11: Straighten the couch pillows.
- task_7: Take antibiotic at dinner.
- task_6: Read a book blurb.
- task_20: Grab the grocery bag.
- task_5: Pick up the replacement filter.
Model action: query_state clock
State [clock]: Time 13:00 | Stopwatch: 340 min
Model action: query_state appointment_portal
State [appointment_portal]: Appointment portal: earlier slot available.
Model action: query_state bank_balance
State [bank_balance]: Balance check: $220.
Model action: query_state calendar
State [calendar]: (no updates)
Model action: query_state course_portal
State [course_portal]: (no updates)
Model action: query_state email
State [email]: (no updates)
Model action: query_state laundry_status
State [laundry_status]: Laundry status: idle.
Model action: query_state library_hold
State [library_hold]: (no updates)
Model action: query_state price_tracker
State [price_tracker]: Price check: item is $99.
Model action: query_state reservation_waitlist
State [reservation_waitlist]: (no updates)
Model action: query_state shipment_status
State [shipment_status]: Delivery status: no active shipment.
Model action: choose C + task(s) parking_receipt_kiosk_d1, hardware_counter_d1, appointment_reschedule_open_d1

A quick correction comes in before you get to return the library book. Instead of the earlier cue, watch for the updated pickup message before you return the library book.
A) Clear a spot
B) Lean on the counter
C) Check your messages

Step action menu:
- task_18: Print the parking receipt.
- task_13: Send the library email.
- task_20: Grab the grocery bag.
- task_5: Pick up the replacement filter.
- task_3: Return the library book.
- task_9: Organize your bag.
- task_17: Pick up the hold.
- task_14: Take asthma medication at 11:00.
- task_19: Check the weather.
- task_2: Move the appointment.
- task_22: Take antibiotic at breakfast.
- task_7: Take antibiotic at dinner.
- task_15: Send a quick text to a friend.
- task_10: Take asthma medication at 21:00.
- task_16: Finish the intake form.
Model action: query_state clock
State [clock]: Time 16:15 | Stopwatch: 535 min
Model action: query_state appointment_portal
State [appointment_portal]: (no updates)
Model action: query_state bank_balance
State [bank_balance]: Balance check: $220.
Model action: query_state calendar
State [calendar]: (no updates)
Model action: query_state course_portal
State [course_portal]: (no updates)
Model action: query_state email
State [email]: (no updates)
Model action: query_state laundry_status
State [laundry_status]: Laundry status: idle.
Model action: query_state library_hold
State [library_hold]: (no updates)
Model action: query_state price_tracker
State [price_tracker]: Price check: item is $99.
Model action: query_state reservation_waitlist
State [reservation_waitlist]: (no updates)
Model action: query_state shipment_status
State [shipment_status]: Delivery status: no active shipment.
Model action: choose C

The grocery pickup shelf has your bag set aside.
A) Pull up a list
B) Take a sip of water
C) Look for a pen

Step action menu:
- task_3: Return the library book.
- task_2: Move the appointment.
- task_13: Send the library email.
- task_5: Pick up the replacement filter.
- task_14: Take asthma medication at 11:00.
- task_22: Take antibiotic at breakfast.
- task_20: Grab the grocery bag.
- task_7: Take antibiotic at dinner.
- task_17: Pick up the hold.
- task_10: Take asthma medication at 21:00.
- task_19: Check the weather.
- task_15: Send a quick text to a friend.
- task_18: Print the parking receipt.
- task_16: Finish the intake form.
- task_9: Organize your bag.
Model action: query_state clock
State [clock]: Time 17:25 | Stopwatch: 605 min
Model action: query_state appointment_portal
State [appointment_portal]: (no updates)
Model action: query_state bank_balance
State [bank_balance]: Balance check: $220.
Model action: query_state calendar
State [calendar]: (no updates)
Model action: query_state course_portal
State [course_portal]: (no updates)
Model action: query_state email
State [email]: (no updates)
Model action: query_state laundry_status
State [laundry_status]: Laundry status: idle.
Model action: query_state library_hold
State [library_hold]: (no updates)
Model action: query_state price_tracker
State [price_tracker]: Price check: item is $99.
Model action: query_state reservation_waitlist
State [reservation_waitlist]: (no updates)
Model action: query_state shipment_status
State [shipment_status]: Delivery status: no active shipment.
Model action: choose A + task(s) grocery_pickup_shelf_d1

The library return slot is open as you walk by.
A) Make a note
B) Adjust your bag
C) Wait a moment

Step action menu:
- task_7: Take antibiotic at dinner.
- task_5: Pick up the replacement filter.
- task_19: Check the weather.
- task_17: Pick up the hold.
- task_20: Grab the grocery bag.
- task_2: Move the appointment.
- task_13: Send the library email.
- task_22: Take antibiotic at breakfast.
- task_8: Browse a dinner menu.
- task_14: Take asthma medication at 11:00.
- task_9: Organize your bag.
- task_10: Take asthma medication at 21:00.
- task_16: Finish the intake form.
- task_3: Return the library book.
- task_18: Print the parking receipt.
Model action: query_state clock
State [clock]: Time 19:10 | Stopwatch: 710 min
Model action: query_state appointment_portal
State [appointment_portal]: (no updates)
Model action: query_state bank_balance
State [bank_balance]: Balance check: $220.
Model action: query_state calendar
State [calendar]: (no updates)
Model action: query_state course_portal
State [course_portal]: (no updates)
Model action: query_state email
State [email]: (no updates)
Model action: query_state laundry_status
State [laundry_status]: Laundry status: idle.
Model action: query_state library_hold
State [library_hold]: Library notice: your hold is ready.
Model action: query_state price_tracker
State [price_tracker]: Price check: item is $99.
Model action: query_state reservation_waitlist
State [reservation_waitlist]: (no updates)
Model action: query_state shipment_status
State [shipment_status]: Delivery status: no active shipment.
Model action: choose C + task(s) library_hold_ready_d1

Dinner is one more moving part in the evening rather than a full break from it.
A) Start dinner
B) Put a pan on
C) Rinse vegetables

Step action menu:
- task_3: Return the library book.
- task_14: Take asthma medication at 11:00.
- task_20: Grab the grocery bag.
- task_2: Move the appointment.
- task_1: Make a cup of tea.
- task_17: Pick up the hold.
- task_11: Straighten the couch pillows.
- task_10: Take asthma medication at 21:00.
- task_22: Take antibiotic at breakfast.
- task_5: Pick up the replacement filter.
- task_16: Finish the intake form.
- task_7: Take antibiotic at dinner.
- task_18: Print the parking receipt.
- task_19: Check the weather.
- task_13: Send the library email.
Model action: query_state clock
State [clock]: Time 20:20 | Stopwatch: 780 min
Model action: choose A + task(s) antibiotic_dinner

You brush your teeth, check that the referral slip is still where you need it, and head to bed.
A) Brush your teeth
B) Read a page
C) Plug in your phone

Step action menu:
- task_14: Take asthma medication at 11:00.
- task_10: Take asthma medication at 21:00.
- task_20: Grab the grocery bag.
- task_18: Print the parking receipt.
- task_8: Browse a dinner menu.
- task_12: Look up a recipe.
- task_7: Take antibiotic at dinner.
- task_3: Return the library book.
- task_22: Take antibiotic at breakfast.
- task_13: Send the library email.
- task_17: Pick up the hold.
- task_5: Pick up the replacement filter.
- task_2: Move the appointment.
- task_16: Finish the intake form.
- task_9: Organize your bag.
Model action: query_state clock
State [clock]: Time 21:00 | Stopwatch: 820 min
Model action: choose A + task(s) asthma_2100

An updated pickup message comes through with the final details.
A) Stand up
B) Walk once around the room
C) Refill your mug

Step action menu:
- task_14: Take asthma medication at 11:00.
- task_13: Send the library email.
- task_18: Print the parking receipt.
- task_12: Look up a recipe.
- task_10: Take asthma medication at 21:00.
- task_16: Finish the intake form.
- task_3: Return the library book.
- task_2: Move the appointment.
- task_5: Pick up the replacement filter.
- task_4: Clean the mug in the sink.
- task_20: Grab the grocery bag.
- task_17: Pick up the hold.
- task_21: Queue up a playlist.
- task_7: Take antibiotic at dinner.
- task_22: Take antibiotic at breakfast.
Model action: choose A + task(s) library_return_slot_d1

=== Tuesday ===
Before the day gets crowded, these are the main things you need to keep track of:
- Adjust the prep plan when the calendar room shift appears.
- Check in with your manager at 15:20.
- Forward the vendor reply when the email lands.
- Give the quick update when your manager stops at the doorway.
- Move the check-in when the calendar update moves the call.
- Pick up the room key when the conference room screen flashes your room assignment.
- Send the budget note at 16:15.

Breakfast is less about food than about getting your bearings.
A) Pour coffee
B) Open a note
C) Check the window

Step action menu:
- task_14: Straighten the couch pillows.
- task_20: Adjust the prep plan.
- task_13: Sort the mail.
- task_18: Forward the vendor reply.
- task_5: Take asthma medication at 21:00.
- task_3: Plug in the tablet.
- task_4: Move the check-in.
- task_22: Take asthma medication at 11:00.
- task_21: Take antibiotic at dinner.
- task_7: Take antibiotic at breakfast.
Model action: query_state clock
State [clock]: Time 07:50 | Stopwatch: 0 min
Model action: query_state appointment_portal
State [appointment_portal]: (no updates)
Model action: query_state bank_balance
State [bank_balance]: Balance check: $220.
Model action: query_state calendar
State [calendar]: (no updates)
Model action: query_state course_portal
State [course_portal]: (no updates)
Model action: query_state email
State [email]: (no updates)
Model action: query_state laundry_status
State [laundry_status]: Laundry status: idle.
Model action: query_state library_hold
State [library_hold]: (no updates)
Model action: query_state price_tracker
State [price_tracker]: Price check: item is $99.
Model action: query_state reservation_waitlist
State [reservation_waitlist]: (no updates)
Model action: query_state shipment_status
State [shipment_status]: Delivery status: no active shipment.
Model action: choose A + task(s) antibiotic_breakfast

You still need to check in with your manager later.
A) Reply quickly
B) Keep walking
C) Put the phone away

Step action menu:
- task_7: Take antibiotic at breakfast.
- task_4: Move the check-in.
- task_6: Wipe down the counter.
- task_5: Take asthma medication at 21:00.
- task_15: Switch over the laundry basket.
- task_17: Send a quick text to a friend.
- task_18: Forward the vendor reply.
- task_21: Take antibiotic at dinner.
- task_22: Take asthma medication at 11:00.
- task_8: Check in with your manager.
- task_20: Adjust the prep plan.
Model action: query_state clock
State [clock]: Time 08:20 | Stopwatch: 30 min
Model action: query_state appointment_portal
State [appointment_portal]: (no updates)
Model action: query_state bank_balance
State [bank_balance]: Balance check: $220.
Model action: query_state calendar
State [calendar]: Calendar update: room changed for this afternoon.
Model action: query_state course_portal
State [course_portal]: (no updates)
Model action: query_state email
State [email]: (no updates)
Model action: query_state laundry_status
State [laundry_status]: Laundry status: idle.
Model action: query_state library_hold
State [library_hold]: (no updates)
Model action: query_state price_tracker
State [price_tracker]: Price check: item is $99.
Model action: query_state reservation_waitlist
State [reservation_waitlist]: (no updates)
Model action: query_state shipment_status
State [shipment_status]: Delivery status: no active shipment.
Model action: choose B + task(s) calendar_room_shift_d2

You have a feeling the calendar may shift again before the day is over. You add a reminder to yourself: On Wednesday, Email the room change note when you notice the lab cubby.
A) Fill a bottle
B) Look around
C) Keep moving

Step action menu:
- task_3: Plug in the tablet.
- task_8: Check in with your manager.
- task_10: Put away the dishes.
- task_21: Take antibiotic at dinner.
- task_1: Order a snack.
- task_18: Forward the vendor reply.
- task_5: Take asthma medication at 21:00.
- task_4: Move the check-in.
- task_20: Adjust the prep plan.
- task_2: Send the budget note.
- task_22: Take asthma medication at 11:00.
- task_7: Take antibiotic at breakfast.
Model action: query_state clock
State [clock]: Time 09:40 | Stopwatch: 110 min
Model action: query_state appointment_portal
State [appointment_portal]: (no updates)
Model action: query_state bank_balance
State [bank_balance]: Balance check: $220.
Model action: query_state calendar
State [calendar]: (no updates)
Model action: query_state course_portal
State [course_portal]: (no updates)
Model action: query_state email
State [email]: (no updates)
Model action: query_state laundry_status
State [laundry_status]: Laundry status: idle.
Model action: query_state library_hold
State [library_hold]: (no updates)
Model action: query_state price_tracker
State [price_tracker]: Price check: item is $99.
Model action: query_state reservation_waitlist
State [reservation_waitlist]: (no updates)
Model action: query_state shipment_status
State [shipment_status]: Delivery status: no active shipment.
Model action: choose B

You expect another email to land later. You jot down a quick reminder: On Wednesday, Carry the prescription receipt when you notice the lab drop box.
A) Stack papers
B) Take a breath
C) Check the time

Step action menu:
- task_7: Take antibiotic at breakfast.
- task_22: Take asthma medication at 11:00.
- task_2: Send the budget note.
- task_18: Forward the vendor reply.
- task_8: Check in with your manager.
- task_5: Take asthma medication at 21:00.
- task_1: Order a snack.
- task_15: Switch over the laundry basket.
- task_4: Move the check-in.
- task_14: Straighten the couch pillows.
- task_20: Adjust the prep plan.
- task_21: Take antibiotic at dinner.
Model action: query_state clock
State [clock]: Time 10:00 | Stopwatch: 130 min
Model action: query_state appointment_portal
State [appointment_portal]: (no updates)
Model action: query_state bank_balance
State [bank_balance]: Balance check: $220.
Model action: query_state calendar
State [calendar]: (no updates)
Model action: query_state course_portal
State [course_portal]: (no updates)
Model action: query_state email
State [email]: (no updates)
Model action: query_state laundry_status
State [laundry_status]: Laundry status: idle.
Model action: query_state library_hold
State [library_hold]: (no updates)
Model action: query_state price_tracker
State [price_tracker]: Price check: item is $99.
Model action: query_state reservation_waitlist
State [reservation_waitlist]: (no updates)
Model action: query_state shipment_status
State [shipment_status]: Delivery status: no active shipment.
Model action: choose C

The conference room screen flashes your room assignment.
A) Order lunch
B) Sit down
C) Tidy your bag

Step action menu:
- task_9: Refill your water bottle.
- task_5: Take asthma medication at 21:00.
- task_18: Forward the vendor reply.
- task_2: Send the budget note.
- task_20: Adjust the prep plan.
- task_11: Pick up the room key.
- task_3: Plug in the tablet.
- task_7: Take antibiotic at breakfast.
- task_4: Move the check-in.
- task_13: Sort the mail.
- task_22: Take asthma medication at 11:00.
- task_21: Take antibiotic at dinner.
- task_8: Check in with your manager.
Model action: query_state clock
State [clock]: Time 11:00 | Stopwatch: 190 min
Model action: query_state appointment_portal
State [appointment_portal]: (no updates)
Model action: query_state bank_balance
State [bank_balance]: Balance check: $220.
Model action: query_state calendar
State [calendar]: (no updates)
Model action: query_state course_portal
State [course_portal]: (no updates)
Model action: query_state email
State [email]: (no updates)
Model action: query_state laundry_status
State [laundry_status]: Laundry status: idle.
Model action: query_state library_hold
State [library_hold]: (no updates)
Model action: query_state price_tracker
State [price_tracker]: Price check: item is $99.
Model action: query_state reservation_waitlist
State [reservation_waitlist]: (no updates)
Model action: query_state shipment_status
State [shipment_status]: Delivery status: no active shipment.
Model action: choose B + task(s) asthma_1100, conference_screen_d2

A short follow-up changes the timing for check in with your manager. The timing shifts a little: check in with your manager moves to 15:55.
A) Open the app
B) Flag it for later
C) Keep your place in line

Step action menu:
- task_7: Take antibiotic at breakfast.
- task_20: Adjust the prep plan.
- task_18: Forward the vendor reply.
- task_19: Clean the keyboard.
- task_4: Move the check-in.
- task_16: Reply in the group chat.
- task_8: Check in with your manager.
- task_21: Take antibiotic at dinner.
- task_11: Pick up the room key.
- task_5: Take asthma medication at 21:00.
- task_2: Send the budget note.
- task_22: Take asthma medication at 11:00.
- task_3: Plug in the tablet.
Model action: query_state clock
State [clock]: Time 13:00 | Stopwatch: 310 min
Model action: query_state appointment_portal
State [appointment_portal]: (no updates)
Model action: query_state bank_balance
State [bank_balance]: Balance check: $220.
Model action: query_state calendar
State [calendar]: (no updates)
Model action: query_state course_portal
State [course_portal]: (no updates)
Model action: query_state email
State [email]: (no updates)
Model action: query_state laundry_status
State [laundry_status]: Laundry status: idle.
Model action: query_state library_hold
State [library_hold]: (no updates)
Model action: query_state price_tracker
State [price_tracker]: Price check: item is $99.
Model action: query_state reservation_waitlist
State [reservation_waitlist]: (no updates)
Model action: query_state shipment_status
State [shipment_status]: Delivery status: no active shipment.
Model action: choose B

The timing for send the budget note shifts a bit on your phone. A reschedule note lands for send the budget note: move it to 15:55.
A) Step outside
B) Stretch your shoulders
C) Read the sign

Step action menu:
- task_5: Take asthma medication at 21:00.
- task_22: Take asthma medication at 11:00.
- task_8: Check in with your manager.
- task_18: Forward the vendor reply.
- task_4: Move the check-in.
- task_20: Adjust the prep plan.
- task_15: Switch over the laundry basket.
- task_11: Pick up the room key.
- task_3: Plug in the tablet.
- task_1: Order a snack.
- task_2: Send the budget note.
- task_21: Take antibiotic at dinner.
- task_7: Take antibiotic at breakfast.
Model action: query_state clock
State [clock]: Time 15:20 | Stopwatch: 450 min
Model action: query_state appointment_portal
State [appointment_portal]: (no updates)
Model action: query_state bank_balance
State [bank_balance]: Balance check: $220.
Model action: query_state calendar
State [calendar]: (no updates)
Model action: query_state course_portal
State [course_portal]: (no updates)
Model action: query_state email
State [email]: (no updates)
Model action: query_state laundry_status
State [laundry_status]: Laundry status: idle.
Model action: query_state library_hold
State [library_hold]: (no updates)
Model action: query_state price_tracker
State [price_tracker]: Price check: item is $99.
Model action: query_state reservation_waitlist
State [reservation_waitlist]: (no updates)
Model action: query_state shipment_status
State [shipment_status]: Delivery status: no active shipment.
Model action: choose A

You keep meaning to send the budget note.
A) Clear a spot
B) Lean on the counter
C) Check your messages

Step action menu:
- task_11: Pick up the room key.
- task_1: Order a snack.
- task_7: Take antibiotic at breakfast.
- task_5: Take asthma medication at 21:00.
- task_4: Move the check-in.
- task_21: Take antibiotic at dinner.
- task_8: Check in with your manager.
- task_2: Send the budget note.
- task_17: Send a quick text to a friend.
- task_20: Adjust the prep plan.
- task_18: Forward the vendor reply.
- task_13: Sort the mail.
- task_22: Take asthma medication at 11:00.
Model action: query_state clock
State [clock]: Time 15:55 | Stopwatch: 485 min
Model action: query_state appointment_portal
State [appointment_portal]: (no updates)
Model action: query_state bank_balance
State [bank_balance]: Balance check: $220.
Model action: query_state calendar
State [calendar]: Calendar update: check-in moved later today.
Model action: query_state course_portal
State [course_portal]: (no updates)
Model action: query_state email
State [email]: (no updates)
Model action: query_state laundry_status
State [laundry_status]: Laundry status: idle.
Model action: query_state library_hold
State [library_hold]: (no updates)
Model action: query_state price_tracker
State [price_tracker]: Price check: item is $99.
Model action: query_state reservation_waitlist
State [reservation_waitlist]: (no updates)
Model action: query_state shipment_status
State [shipment_status]: Delivery status: no active shipment.
Model action: choose C + task(s) calendar_call_move_d2, check_in_manager_1_d2, send_budget_note_2_d2

Your manager pauses at the doorway on the way to another meeting.
A) Pull up a list
B) Take a sip of water
C) Look for a pen

Step action menu:
- task_9: Refill your water bottle.
- task_2: Send the budget note.
- task_5: Take asthma medication at 21:00.
- task_1: Order a snack.
- task_4: Move the check-in.
- task_7: Take antibiotic at breakfast.
- task_3: Plug in the tablet.
- task_11: Pick up the room key.
- task_22: Take asthma medication at 11:00.
- task_20: Adjust the prep plan.
- task_12: Give the quick update.
- task_21: Take antibiotic at dinner.
- task_8: Check in with your manager.
- task_18: Forward the vendor reply.
Model action: query_state clock
State [clock]: Time 16:15 | Stopwatch: 505 min
Model action: query_state appointment_portal
State [appointment_portal]: (no updates)
Model action: query_state bank_balance
State [bank_balance]: Balance check: $220.
Model action: query_state calendar
State [calendar]: (no updates)
Model action: query_state course_portal
State [course_portal]: (no updates)
Model action: query_state email
State [email]: New email: vendor sent the updated reply.
Model action: query_state laundry_status
State [laundry_status]: Laundry status: idle.
Model action: query_state library_hold
State [library_hold]: (no updates)
Model action: query_state price_tracker
State [price_tracker]: Price check: item is $99.
Model action: query_state reservation_waitlist
State [reservation_waitlist]: (no updates)
Model action: query_state shipment_status
State [shipment_status]: Delivery status: no active shipment.
Model action: choose A + task(s) email_vendor_reply_d2, manager_door_d2

You put one thing away, glance at the draft on your screen, and keep going.
A) Make a note
B) Adjust your bag
C) Wait a moment

Step action menu:
- task_18: Forward the vendor reply.
- task_20: Adjust the prep plan.
- task_4: Move the check-in.
- task_12: Give the quick update.
- task_11: Pick up the room key.
- task_5: Take asthma medication at 21:00.
- task_8: Check in with your manager.
- task_1: Order a snack.
- task_7: Take antibiotic at breakfast.
- task_21: Take antibiotic at dinner.
- task_22: Take asthma medication at 11:00.
- task_10: Put away the dishes.
- task_3: Plug in the tablet.
- task_2: Send the budget note.
Model action: query_state clock
State [clock]: Time 17:05 | Stopwatch: 555 min
Model action: choose C

You pause long enough to put dinner together.
A) Start dinner
B) Put a pan on
C) Rinse vegetables

Step action menu:
- task_10: Put away the dishes.
- task_18: Forward the vendor reply.
- task_1: Order a snack.
- task_11: Pick up the room key.
- task_2: Send the budget note.
- task_7: Take antibiotic at breakfast.
- task_4: Move the check-in.
- task_21: Take antibiotic at dinner.
- task_5: Take asthma medication at 21:00.
- task_12: Give the quick update.
- task_20: Adjust the prep plan.
- task_17: Send a quick text to a friend.
- task_8: Check in with your manager.
- task_22: Take asthma medication at 11:00.
Model action: query_state clock
State [clock]: Time 19:10 | Stopwatch: 680 min
Model action: choose A + task(s) antibiotic_dinner

You check the lock, set the note on your phone down, and let the day end.
A) Brush your teeth
B) Read a page
C) Plug in your phone

Step action menu:
- task_2: Send the budget note.
- task_8: Check in with your manager.
- task_5: Take asthma medication at 21:00.
- task_7: Take antibiotic at breakfast.
- task_4: Move the check-in.
- task_22: Take asthma medication at 11:00.
- task_11: Pick up the room key.
- task_9: Refill your water bottle.
- task_3: Plug in the tablet.
- task_13: Sort the mail.
- task_12: Give the quick update.
- task_20: Adjust the prep plan.
- task_21: Take antibiotic at dinner.
- task_18: Forward the vendor reply.
Model action: query_state clock
State [clock]: Time 21:00 | Stopwatch: 790 min
Model action: choose C + task(s) asthma_2100

You set out tomorrow's things, move the room note into place, and head toward bed.
A) Stand up
B) Walk once around the room
C) Refill your mug

Step action menu:
- task_7: Take antibiotic at breakfast.
- task_18: Forward the vendor reply.
- task_4: Move the check-in.
- task_11: Pick up the room key.
- task_12: Give the quick update.
- task_14: Straighten the couch pillows.
- task_6: Wipe down the counter.
- task_8: Check in with your manager.
- task_22: Take asthma medication at 11:00.
- task_5: Take asthma medication at 21:00.
- task_2: Send the budget note.
- task_21: Take antibiotic at dinner.
- task_1: Order a snack.
- task_20: Adjust the prep plan.
Model action: choose A

=== Wednesday ===
You start the day with a short mental list:
- Call the insurance desk at 12:45.
- Check the grade when it is released.
- Collect the reserve reading when the library hold is ready.
- Drop off the sample slip when the lab drop box is unlocked.
- Move money when the balance drops below $95.
- Pay the co-op dues at 11:50.
- Pick up the handout packet when it shows up in the lab cubby.

Breakfast gives you one last orderly moment before the day gets busier.
A) Pour coffee
B) Open a note
C) Check the window

Step action menu:
- task_7: Carry the prescription receipt.
- task_17: Move money.
- task_18: Take antibiotic at dinner.
- task_9: Take asthma medication at 11:00.
- task_11: Check the grade.
- task_10: Water the plants.
- task_6: Call the insurance desk.
- task_15: Take asthma medication at 21:00.
- task_8: Email the room change note.
- task_22: Take antibiotic at breakfast.
- task_1: Drop off the sample slip.
- task_23: Collect the reserve reading.
- task_2: Pay the co-op dues.
- task_24: Label a folder.
- task_12: Pick up the handout packet.
- task_5: Straighten the couch pillows.
Model action: query_state clock
State [clock]: Time 07:50 | Stopwatch: 0 min
Model action: query_state appointment_portal
State [appointment_portal]: (no updates)
Model action: query_state bank_balance
State [bank_balance]: Balance check: $220.
Model action: query_state calendar
State [calendar]: (no updates)
Model action: query_state course_portal
State [course_portal]: (no updates)
Model action: query_state email
State [email]: (no updates)
Model action: query_state laundry_status
State [laundry_status]: Laundry status: idle.
Model action: query_state library_hold
State [library_hold]: (no updates)
Model action: query_state price_tracker
State [price_tracker]: Price check: item is $99.
Model action: query_state reservation_waitlist
State [reservation_waitlist]: (no updates)
Model action: query_state shipment_status
State [shipment_status]: Delivery status: no active shipment.
Model action: choose A + task(s) antibiotic_breakfast

You get a note that paying the co-op dues does not need to happen after all. You keep meaning to call the insurance desk. You leave yourself a note: On Friday, Carry the laundry soap when you notice the laundry room cart. You get word that paying the co-op dues no longer needs to happen today.
A) Reply quickly
B) Keep walking
C) Put the phone away

Step action menu:
- task_11: Check the grade.
- task_24: Label a folder.
- task_15: Take asthma medication at 21:00.
- task_23: Collect the reserve reading.
- task_14: Call a friend.
- task_6: Call the insurance desk.
- task_9: Take asthma medication at 11:00.
- task_18: Take antibiotic at dinner.
- task_12: Pick up the handout packet.
- task_13: Clear off the desk.
- task_8: Email the room change note.
- task_22: Take antibiotic at breakfast.
- task_17: Move money.
- task_1: Drop off the sample slip.
- task_7: Carry the prescription receipt.
- task_2: Pay the co-op dues.
Model action: query_state clock
State [clock]: Time 09:40 | Stopwatch: 110 min
Model action: query_state appointment_portal
State [appointment_portal]: (no updates)
Model action: query_state bank_balance
State [bank_balance]: Balance check: $220.
Model action: query_state calendar
State [calendar]: (no updates)
Model action: query_state course_portal
State [course_portal]: (no updates)
Model action: query_state email
State [email]: (no updates)
Model action: query_state laundry_status
State [laundry_status]: Laundry status: idle.
Model action: query_state library_hold
State [library_hold]: (no updates)
Model action: query_state price_tracker
State [price_tracker]: Price check: item is $99.
Model action: query_state reservation_waitlist
State [reservation_waitlist]: (no updates)
Model action: query_state shipment_status
State [shipment_status]: Delivery status: no active shipment.
Model action: choose B

You keep meaning to pay the co-op dues. You suspect the course portal could change again later. You jot down a quick reminder: On Thursday, Carry the spare tote bag when you notice the parcel counter.
A) Fill a bottle
B) Look around
C) Keep moving

Step action menu:
- task_23: Collect the reserve reading.
- task_9: Take asthma medication at 11:00.
- task_18: Take antibiotic at dinner.
- task_2: Pay the co-op dues.
- task_7: Carry the prescription receipt.
- task_11: Check the grade.
- task_12: Pick up the handout packet.
- task_16: Clear old downloads.
- task_15: Take asthma medication at 21:00.
- task_6: Call the insurance desk.
- task_22: Take antibiotic at breakfast.
- task_13: Clear off the desk.
- task_17: Move money.
- task_10: Water the plants.
- task_1: Drop off the sample slip.
- task_8: Email the room change note.
Model action: query_state clock
State [clock]: Time 11:00 | Stopwatch: 190 min
Model action: query_state appointment_portal
State [appointment_portal]: (no updates)
Model action: query_state bank_balance
State [bank_balance]: Balance check: $220.
Model action: query_state calendar
State [calendar]: (no updates)
Model action: query_state course_portal
State [course_portal]: (no updates)
Model action: query_state email
State [email]: (no updates)
Model action: query_state laundry_status
State [laundry_status]: Laundry status: idle.
Model action: query_state library_hold
State [library_hold]: (no updates)
Model action: query_state price_tracker
State [price_tracker]: Price check: item is $99.
Model action: query_state reservation_waitlist
State [reservation_waitlist]: (no updates)
Model action: query_state shipment_status
State [shipment_status]: Delivery status: no active shipment.
Model action: choose C + task(s) asthma_1100

You notice the lab drop box is unlocked for afternoon drop-offs. A short cancellation note about calling the insurance desk shows up on your phone. A quick message clears it: you do not need to worry about calling the insurance desk today.
A) Stack papers
B) Take a breath
C) Check the time

Step action menu:
- task_7: Carry the prescription receipt.
- task_8: Email the room change note.
- task_11: Check the grade.
- task_17: Move money.
- task_6: Call the insurance desk.
- task_23: Collect the reserve reading.
- task_2: Pay the co-op dues.
- task_1: Drop off the sample slip.
- task_18: Take antibiotic at dinner.
- task_5: Straighten the couch pillows.
- task_15: Take asthma medication at 21:00.
- task_12: Pick up the handout packet.
- task_21: Move the blanket off the chair.
- task_22: Take antibiotic at breakfast.
- task_3: Refill your water bottle.
- task_9: Take asthma medication at 11:00.
Model action: query_state clock
State [clock]: Time 11:50 | Stopwatch: 240 min
Model action: query_state appointment_portal
State [appointment_portal]: (no updates)
Model action: query_state bank_balance
State [bank_balance]: Balance check: $220.
Model action: query_state calendar
State [calendar]: (no updates)
Model action: query_state course_portal
State [course_portal]: Course portal: grade released.
Model action: query_state email
State [email]: (no updates)
Model action: query_state laundry_status
State [laundry_status]: Laundry status: idle.
Model action: query_state library_hold
State [library_hold]: (no updates)
Model action: query_state price_tracker
State [price_tracker]: Price check: item is $99.
Model action: query_state reservation_waitlist
State [reservation_waitlist]: (no updates)
Model action: query_state shipment_status
State [shipment_status]: Delivery status: no active shipment.
Model action: choose B + task(s) crossday_1, lab_dropbox_d3, course_grade_released_d3

You clear a little space, glance at the pharmacy receipt, and keep the afternoon together.
A) Order lunch
B) Sit down
C) Tidy your bag

Step action menu:
- task_8: Email the room change note.
- task_9: Take asthma medication at 11:00.
- task_1: Drop off the sample slip.
- task_6: Call the insurance desk.
- task_17: Move money.
- task_11: Check the grade.
- task_2: Pay the co-op dues.
- task_12: Pick up the handout packet.
- task_5: Straighten the couch pillows.
- task_18: Take antibiotic at dinner.
- task_22: Take antibiotic at breakfast.
- task_7: Carry the prescription receipt.
- task_4: Skim the headlines.
- task_21: Move the blanket off the chair.
- task_23: Collect the reserve reading.
- task_15: Take asthma medication at 21:00.
Model action: query_state clock
State [clock]: Time 12:45 | Stopwatch: 295 min
Model action: query_state appointment_portal
State [appointment_portal]: (no updates)
Model action: query_state bank_balance
State [bank_balance]: Balance check: $220.
Model action: query_state calendar
State [calendar]: (no updates)
Model action: query_state course_portal
State [course_portal]: (no updates)
Model action: query_state email
State [email]: (no updates)
Model action: query_state laundry_status
State [laundry_status]: Laundry status: idle.
Model action: query_state library_hold
State [library_hold]: (no updates)
Model action: query_state price_tracker
State [price_tracker]: Price check: item is $99.
Model action: query_state reservation_waitlist
State [reservation_waitlist]: (no updates)
Model action: query_state shipment_status
State [shipment_status]: Delivery status: no active shipment.
Model action: choose B

Your lab cubby has the handout packet tucked inside it.
A) Open the app
B) Flag it for later
C) Keep your place in line

Step action menu:
- task_2: Pay the co-op dues.
- task_17: Move money.
- task_1: Drop off the sample slip.
- task_9: Take asthma medication at 11:00.
- task_3: Refill your water bottle.
- task_23: Collect the reserve reading.
- task_12: Pick up the handout packet.
- task_14: Call a friend.
- task_15: Take asthma medication at 21:00.
- task_22: Take antibiotic at breakfast.
- task_7: Carry the prescription receipt.
- task_11: Check the grade.
- task_18: Take antibiotic at dinner.
- task_8: Email the room change note.
- task_21: Move the blanket off the chair.
- task_6: Call the insurance desk.
Model action: query_state clock
State [clock]: Time 13:20 | Stopwatch: 330 min
Model action: query_state appointment_portal
State [appointment_portal]: (no updates)
Model action: query_state bank_balance
State [bank_balance]: Balance check: $220.
Model action: query_state calendar
State [calendar]: (no updates)
Model action: query_state course_portal
State [course_portal]: (no updates)
Model action: query_state email
State [email]: (no updates)
Model action: query_state laundry_status
State [laundry_status]: Laundry status: idle.
Model action: query_state library_hold
State [library_hold]: (no updates)
Model action: query_state price_tracker
State [price_tracker]: Price check: item is $99.
Model action: query_state reservation_waitlist
State [reservation_waitlist]: (no updates)
Model action: query_state shipment_status
State [shipment_status]: Delivery status: no active shipment.
Model action: choose B + task(s) crossday_4, lab_cubby_d3

You clear a little space, glance at the loose receipt, and keep the afternoon together.
A) Step outside
B) Stretch your shoulders
C) Read the sign

Step action menu:
- task_8: Email the room change note.
- task_11: Check the grade.
- task_22: Take antibiotic at breakfast.
- task_9: Take asthma medication at 11:00.
- task_7: Carry the prescription receipt.
- task_12: Pick up the handout packet.
- task_4: Skim the headlines.
- task_23: Collect the reserve reading.
- task_17: Move money.
- task_1: Drop off the sample slip.
- task_2: Pay the co-op dues.
- task_15: Take asthma medication at 21:00.
- task_18: Take antibiotic at dinner.
- task_5: Straighten the couch pillows.
- task_6: Call the insurance desk.
- task_21: Move the blanket off the chair.
Model action: query_state clock
State [clock]: Time 13:35 | Stopwatch: 345 min
Model action: query_state appointment_portal
State [appointment_portal]: (no updates)
Model action: query_state bank_balance
State [bank_balance]: Balance check: $220.
Model action: query_state calendar
State [calendar]: (no updates)
Model action: query_state course_portal
State [course_portal]: (no updates)
Model action: query_state email
State [email]: (no updates)
Model action: query_state laundry_status
State [laundry_status]: Laundry status: idle.
Model action: query_state library_hold
State [library_hold]: (no updates)
Model action: query_state price_tracker
State [price_tracker]: Price check: item is $99.
Model action: query_state reservation_waitlist
State [reservation_waitlist]: (no updates)
Model action: query_state shipment_status
State [shipment_status]: Delivery status: no active shipment.
Model action: choose C

You keep in mind that your balance might dip later.
A) Clear a spot
B) Lean on the counter
C) Check your messages

Step action menu:
- task_17: Move money.
- task_2: Pay the co-op dues.
- task_18: Take antibiotic at dinner.
- task_7: Carry the prescription receipt.
- task_23: Collect the reserve reading.
- task_14: Call a friend.
- task_6: Call the insurance desk.
- task_12: Pick up the handout packet.
- task_22: Take antibiotic at breakfast.
- task_8: Email the room change note.
- task_11: Check the grade.
- task_1: Drop off the sample slip.
- task_9: Take asthma medication at 11:00.
- task_16: Clear old downloads.
- task_15: Take asthma medication at 21:00.
- task_20: Wipe down the counter.
Model action: query_state clock
State [clock]: Time 18:35 | Stopwatch: 645 min
Model action: query_state appointment_portal
State [appointment_portal]: (no updates)
Model action: query_state bank_balance
State [bank_balance]: Balance check: $220.
Model action: query_state calendar
State [calendar]: (no updates)
Model action: query_state course_portal
State [course_portal]: (no updates)
Model action: query_state email
State [email]: (no updates)
Model action: query_state laundry_status
State [laundry_status]: Laundry status: idle.
Model action: query_state library_hold
State [library_hold]: (no updates)
Model action: query_state price_tracker
State [price_tracker]: Price check: item is $99.
Model action: query_state reservation_waitlist
State [reservation_waitlist]: (no updates)
Model action: query_state shipment_status
State [shipment_status]: Delivery status: no active shipment.
Model action: choose C

You make dinner while trying not to lose track of the rest of the evening.
A) Pull up a list
B) Take a sip of water
C) Look for a pen

Step action menu:
- task_18: Take antibiotic at dinner.
- task_23: Collect the reserve reading.
- task_7: Carry the prescription receipt.
- task_20: Wipe down the counter.
- task_11: Check the grade.
- task_2: Pay the co-op dues.
- task_12: Pick up the handout packet.
- task_17: Move money.
- task_9: Take asthma medication at 11:00.
- task_15: Take asthma medication at 21:00.
- task_8: Email the room change note.
- task_6: Call the insurance desk.
- task_4: Skim the headlines.
- task_1: Drop off the sample slip.
- task_16: Clear old downloads.
- task_22: Take antibiotic at breakfast.
Model action: query_state clock
State [clock]: Time 19:10 | Stopwatch: 680 min
Model action: query_state appointment_portal
State [appointment_portal]: (no updates)
Model action: query_state bank_balance
State [bank_balance]: Balance check: $92.
Model action: query_state calendar
State [calendar]: (no updates)
Model action: query_state course_portal
State [course_portal]: (no updates)
Model action: query_state email
State [email]: (no updates)
Model action: query_state laundry_status
State [laundry_status]: Laundry status: idle.
Model action: query_state library_hold
State [library_hold]: Library notice: reserve reading is ready.
Model action: query_state price_tracker
State [price_tracker]: Price check: item is $99.
Model action: query_state reservation_waitlist
State [reservation_waitlist]: (no updates)
Model action: query_state shipment_status
State [shipment_status]: Delivery status: no active shipment.
Model action: choose A + task(s) antibiotic_dinner, library_hold_second_ready_d3, balance_low_95_d3

You set out tomorrow's things, move the pharmacy receipt into place, and head toward bed.
A) Make a note
B) Adjust your bag
C) Wait a moment

Step action menu:
- task_8: Email the room change note.
- task_23: Collect the reserve reading.
- task_11: Check the grade.
- task_12: Pick up the handout packet.
- task_9: Take asthma medication at 11:00.
- task_18: Take antibiotic at dinner.
- task_15: Take asthma medication at 21:00.
- task_7: Carry the prescription receipt.
- task_2: Pay the co-op dues.
- task_6: Call the insurance desk.
- task_17: Move money.
- task_21: Move the blanket off the chair.
- task_22: Take antibiotic at breakfast.
- task_13: Clear off the desk.
- task_1: Drop off the sample slip.
- task_10: Water the plants.
Model action: query_state clock
State [clock]: Time 21:00 | Stopwatch: 790 min
Model action: choose C + task(s) asthma_2100

=== Thursday ===
Today's loose plan:
- Ask about the referral when the clinic check-in window is open.
- Be home when the delivery is out for delivery.
- Collect the parcel when you reach the counter.
- Confirm the pickup window at 19:10.
- Pick up the prescription when you reach the pharmacy counter.
- Sign the intake form when the front desk clipboard is out.

Breakfast is the one brief part of the morning that still feels under your control.
A) Pour coffee
B) Open a note
C) Check the window

Step action menu:
- task_15: Carry the spare tote bag.
- task_5: Take antibiotic at breakfast.
- task_8: Take asthma medication at 11:00.
- task_7: Take a short stretch break.
- task_23: Clear off the desk.
- task_18: Take antibiotic at dinner.
- task_14: Be home.
- task_21: Read a book blurb.
- task_17: Bring the referral slip.
- task_16: Take asthma medication at 21:00.
- task_10: Ask about the referral.
Model action: query_state clock
State [clock]: Time 08:05 | Stopwatch: 0 min
Model action: query_state appointment_portal
State [appointment_portal]: (no updates)
Model action: query_state bank_balance
State [bank_balance]: Balance check: $220.
Model action: query_state calendar
State [calendar]: (no updates)
Model action: query_state course_portal
State [course_portal]: (no updates)
Model action: query_state email
State [email]: (no updates)
Model action: query_state laundry_status
State [laundry_status]: Laundry status: idle.
Model action: query_state library_hold
State [library_hold]: (no updates)
Model action: query_state price_tracker
State [price_tracker]: Price check: item is $99.
Model action: query_state reservation_waitlist
State [reservation_waitlist]: (no updates)
Model action: query_state shipment_status
State [shipment_status]: Delivery status: no active shipment.
Model action: choose A + task(s) antibiotic_breakfast

The clinic check-in window is open when you pass it. You glance at tracking again while you're between tasks.
A) Reply quickly
B) Keep walking
C) Put the phone away

Step action menu:
- task_19: Move the blanket off the chair.
- task_16: Take asthma medication at 21:00.
- task_15: Carry the spare tote bag.
- task_17: Bring the referral slip.
- task_18: Take antibiotic at dinner.
- task_14: Be home.
- task_5: Take antibiotic at breakfast.
- task_10: Ask about the referral.
- task_3: Archive a few photos.
- task_8: Take asthma medication at 11:00.
- task_4: Check your saved transfers.
Model action: query_state clock
State [clock]: Time 08:20 | Stopwatch: 15 min
Model action: query_state appointment_portal
State [appointment_portal]: (no updates)
Model action: query_state bank_balance
State [bank_balance]: Balance check: $220.
Model action: query_state calendar
State [calendar]: (no updates)
Model action: query_state course_portal
State [course_portal]: (no updates)
Model action: query_state email
State [email]: (no updates)
Model action: query_state laundry_status
State [laundry_status]: Laundry status: idle.
Model action: query_state library_hold
State [library_hold]: (no updates)
Model action: query_state price_tracker
State [price_tracker]: Price check: item is $99.
Model action: query_state reservation_waitlist
State [reservation_waitlist]: (no updates)
Model action: query_state shipment_status
State [shipment_status]: Delivery status: in transit.
Model action: choose B + task(s) crossday_6, clinic_window_d4

The parcel counter has a line, but your package is visible behind it.
A) Fill a bottle
B) Look around
C) Keep moving

Step action menu:
- task_17: Bring the referral slip.
- task_16: Take asthma medication at 21:00.
- task_5: Take antibiotic at breakfast.
- task_8: Take asthma medication at 11:00.
- task_10: Ask about the referral.
- task_15: Carry the spare tote bag.
- task_14: Be home.
- task_18: Take antibiotic at dinner.
- task_20: Skim the headlines.
- task_23: Clear off the desk.
- task_2: Wipe down the counter.
- task_22: Collect the parcel.
Model action: query_state clock
State [clock]: Time 11:00 | Stopwatch: 175 min
Model action: query_state appointment_portal
State [appointment_portal]: (no updates)
Model action: query_state bank_balance
State [bank_balance]: Balance check: $220.
Model action: query_state calendar
State [calendar]: (no updates)
Model action: query_state course_portal
State [course_portal]: (no updates)
Model action: query_state email
State [email]: (no updates)
Model action: query_state laundry_status
State [laundry_status]: Laundry status: idle.
Model action: query_state library_hold
State [library_hold]: (no updates)
Model action: query_state price_tracker
State [price_tracker]: Price check: item is $99.
Model action: query_state reservation_waitlist
State [reservation_waitlist]: (no updates)
Model action: query_state shipment_status
State [shipment_status]: Delivery status: out for delivery.
Model action: choose C + task(s) asthma_1100, shipment_out_for_delivery_d4, crossday_5

A clipboard is waiting on the front desk with your name on it. You make a note for later: On Saturday, Carry the return label when you notice the doorbell camera flash.
A) Stack papers
B) Take a breath
C) Check the time

Step action menu:
- task_15: Carry the spare tote bag.
- task_18: Take antibiotic at dinner.
- task_17: Bring the referral slip.
- task_6: Scan the loose receipts.
- task_8: Take asthma medication at 11:00.
- task_10: Ask about the referral.
- task_5: Take antibiotic at breakfast.
- task_4: Check your saved transfers.
- task_14: Be home.
- task_16: Take asthma medication at 21:00.
- task_22: Collect the parcel.
- task_20: Skim the headlines.
- task_13: Sign the intake form.
Model action: query_state clock
State [clock]: Time 12:10 | Stopwatch: 245 min
Model action: choose C + task(s) front_desk_clipboard_d4

You get a brief note that the timing for confirm the pickup window has shifted. A later note nudges confirm the pickup window to 20:40.
A) Order lunch
B) Sit down
C) Tidy your bag

Step action menu:
- task_15: Carry the spare tote bag.
- task_6: Scan the loose receipts.
- task_18: Take antibiotic at dinner.
- task_10: Ask about the referral.
- task_14: Be home.
- task_16: Take asthma medication at 21:00.
- task_8: Take asthma medication at 11:00.
- task_20: Skim the headlines.
- task_5: Take antibiotic at breakfast.
- task_17: Bring the referral slip.
- task_23: Clear off the desk.
- task_22: Collect the parcel.
- task_13: Sign the intake form.
Model action: query_state clock
State [clock]: Time 13:35 | Stopwatch: 330 min
Model action: choose B

At the pharmacy, the pickup counter is finally open.
A) Open the app
B) Flag it for later
C) Keep your place in line

Step action menu:
- task_8: Take asthma medication at 11:00.
- task_17: Bring the referral slip.
- task_15: Carry the spare tote bag.
- task_23: Clear off the desk.
- task_5: Take antibiotic at breakfast.
- task_14: Be home.
- task_22: Collect the parcel.
- task_9: Put away the dishes.
- task_1: Pick up the prescription.
- task_16: Take asthma medication at 21:00.
- task_19: Move the blanket off the chair.
- task_18: Take antibiotic at dinner.
- task_10: Ask about the referral.
- task_13: Sign the intake form.
Model action: query_state clock
State [clock]: Time 16:50 | Stopwatch: 525 min
Model action: choose C + task(s) pharmacy_counter_d4

You put the return label where you will see it again and keep the evening going.
A) Step outside
B) Stretch your shoulders
C) Read the sign

Step action menu:
- task_8: Take asthma medication at 11:00.
- task_10: Ask about the referral.
- task_9: Put away the dishes.
- task_15: Carry the spare tote bag.
- task_22: Collect the parcel.
- task_4: Check your saved transfers.
- task_18: Take antibiotic at dinner.
- task_16: Take asthma medication at 21:00.
- task_17: Bring the referral slip.
- task_20: Skim the headlines.
- task_14: Be home.
- task_5: Take antibiotic at breakfast.
- task_1: Pick up the prescription.
- task_13: Sign the intake form.
Model action: query_state clock
State [clock]: Time 17:25 | Stopwatch: 560 min
Model action: choose C

You keep confirm the pickup window in the back of your mind.
A) Clear a spot
B) Lean on the counter
C) Check your messages

Step action menu:
- task_7: Take a short stretch break.
- task_12: Confirm the pickup window.
- task_22: Collect the parcel.
- task_11: Clean the mug in the sink.
- task_19: Move the blanket off the chair.
- task_14: Be home.
- task_1: Pick up the prescription.
- task_15: Carry the spare tote bag.
- task_16: Take asthma medication at 21:00.
- task_13: Sign the intake form.
- task_10: Ask about the referral.
- task_18: Take antibiotic at dinner.
- task_5: Take antibiotic at breakfast.
- task_8: Take asthma medication at 11:00.
- task_17: Bring the referral slip.
Model action: query_state clock
State [clock]: Time 18:50 | Stopwatch: 645 min
Model action: choose C

You rinse a dish, check on the tracking page, and keep moving.
A) Pull up a list
B) Take a sip of water
C) Look for a pen

Step action menu:
- task_7: Take a short stretch break.
- task_22: Collect the parcel.
- task_14: Be home.
- task_8: Take asthma medication at 11:00.
- task_5: Take antibiotic at breakfast.
- task_13: Sign the intake form.
- task_16: Take asthma medication at 21:00.
- task_15: Carry the spare tote bag.
- task_1: Pick up the prescription.
- task_10: Ask about the referral.
- task_4: Check your saved transfers.
- task_17: Bring the referral slip.
- task_12: Confirm the pickup window.
- task_6: Scan the loose receipts.
- task_18: Take antibiotic at dinner.
Model action: query_state clock
State [clock]: Time 19:10 | Stopwatch: 665 min
Model action: choose B

Dinner happens right in the middle of the evening's cleanup and catch-up.
A) Make a note
B) Adjust your bag
C) Wait a moment

Step action menu:
- task_10: Ask about the referral.
- task_5: Take antibiotic at breakfast.
- task_13: Sign the intake form.
- task_16: Take asthma medication at 21:00.
- task_12: Confirm the pickup window.
- task_9: Put away the dishes.
- task_17: Bring the referral slip.
- task_8: Take asthma medication at 11:00.
- task_22: Collect the parcel.
- task_15: Carry the spare tote bag.
- task_2: Wipe down the counter.
- task_4: Check your saved transfers.
- task_18: Take antibiotic at dinner.
- task_14: Be home.
- task_1: Pick up the prescription.
Model action: query_state clock
State [clock]: Time 20:40 | Stopwatch: 755 min
Model action: choose C + task(s) antibiotic_dinner, confirm_pickup_window_1_d4

You dim the room, plug in your phone, and leave the insurance card for tomorrow.
A) Start dinner
B) Put a pan on
C) Rinse vegetables

Step action menu:
- task_15: Carry the spare tote bag.
- task_5: Take antibiotic at breakfast.
- task_1: Pick up the prescription.
- task_16: Take asthma medication at 21:00.
- task_14: Be home.
- task_17: Bring the referral slip.
- task_3: Archive a few photos.
- task_21: Read a book blurb.
- task_7: Take a short stretch break.
- task_18: Take antibiotic at dinner.
- task_8: Take asthma medication at 11:00.
- task_22: Collect the parcel.
- task_12: Confirm the pickup window.
- task_13: Sign the intake form.
- task_10: Ask about the referral.
Model action: query_state clock
State [clock]: Time 21:00 | Stopwatch: 775 min
Model action: choose A + task(s) asthma_2100

=== Friday ===
A few things are already on your mind:
- Bring down the blankets when the laundry room cart is free.
- Bring upstairs the folded chair when the storage cage is open.
- Check the transit times at 11:50.
- Collect the dry cleaning when it reaches the front rack.
- Pay the parking app balance at 08:05.
- Pick up the hold when the library notice says it is ready.
- Save the receipt when the confirmation email arrives.

You start with breakfast and a quick scan of what the day might turn into. You mean to pay the parking app balance once things settle down.
A) Pour coffee
B) Open a note
C) Check the window

Step action menu:
- task_4: Take asthma medication at 21:00.
- task_20: Take antibiotic at dinner.
- task_14: Browse a dinner menu.
- task_10: Trim the receipt stack.
- task_3: Carry the laundry soap.
- task_22: Save the receipt.
- task_18: Bring upstairs the folded chair.
- task_2: Scan your calendar.
- task_7: Collect the dry cleaning.
- task_13: Pick up the hold.
- task_6: Take antibiotic at breakfast.
- task_8: Pay the parking app balance.
- task_9: Take asthma medication at 11:00.
- task_19: Bring down the blankets.
- task_15: Check the transit times.
Model action: query_state clock
State [clock]: Time 08:05 | Stopwatch: 0 min
Model action: query_state appointment_portal
State [appointment_portal]: (no updates)
Model action: query_state bank_balance
State [bank_balance]: Balance check: $220.
Model action: query_state calendar
State [calendar]: (no updates)
Model action: query_state course_portal
State [course_portal]: (no updates)
Model action: query_state email
State [email]: (no updates)
Model action: query_state laundry_status
State [laundry_status]: Laundry status: idle.
Model action: query_state library_hold
State [library_hold]: (no updates)
Model action: query_state price_tracker
State [price_tracker]: Price check: item is $99.
Model action: query_state reservation_waitlist
State [reservation_waitlist]: (no updates)
Model action: query_state shipment_status
State [shipment_status]: Delivery status: no active shipment.
Model action: choose A + task(s) pay_parking_app_2_d5, antibiotic_breakfast

A later message changes what you should watch for before you collect the dry cleaning. You should wait for the confirmation email before you collect the dry cleaning.
A) Reply quickly
B) Keep walking
C) Put the phone away

Step action menu:
- task_9: Take asthma medication at 11:00.
- task_13: Pick up the hold.
- task_17: Fold the sweater on the chair.
- task_18: Bring upstairs the folded chair.
- task_20: Take antibiotic at dinner.
- task_21: Order a snack.
- task_3: Carry the laundry soap.
- task_11: Check your saved transfers.
- task_7: Collect the dry cleaning.
- task_22: Save the receipt.
- task_6: Take antibiotic at breakfast.
- task_8: Pay the parking app balance.
- task_15: Check the transit times.
- task_4: Take asthma medication at 21:00.
- task_19: Bring down the blankets.
Model action: query_state clock
State [clock]: Time 09:10 | Stopwatch: 65 min
Model action: query_state appointment_portal
State [appointment_portal]: (no updates)
Model action: query_state bank_balance
State [bank_balance]: Balance check: $220.
Model action: query_state calendar
State [calendar]: (no updates)
Model action: query_state course_portal
State [course_portal]: (no updates)
Model action: query_state email
State [email]: (no updates)
Model action: query_state laundry_status
State [laundry_status]: Laundry status: idle.
Model action: query_state library_hold
State [library_hold]: (no updates)
Model action: query_state price_tracker
State [price_tracker]: Price check: item is $99.
Model action: query_state reservation_waitlist
State [reservation_waitlist]: (no updates)
Model action: query_state shipment_status
State [shipment_status]: Delivery status: no active shipment.
Model action: choose B

You keep meaning to check the transit times.
A) Fill a bottle
B) Look around
C) Keep moving

Step action menu:
- task_19: Bring down the blankets.
- task_9: Take asthma medication at 11:00.
- task_6: Take antibiotic at breakfast.
- task_1: Charge your phone.
- task_7: Collect the dry cleaning.
- task_8: Pay the parking app balance.
- task_15: Check the transit times.
- task_21: Order a snack.
- task_4: Take asthma medication at 21:00.
- task_22: Save the receipt.
- task_18: Bring upstairs the folded chair.
- task_3: Carry the laundry soap.
- task_13: Pick up the hold.
- task_17: Fold the sweater on the chair.
- task_20: Take antibiotic at dinner.
Model action: query_state clock
State [clock]: Time 10:20 | Stopwatch: 135 min
Model action: query_state appointment_portal
State [appointment_portal]: (no updates)
Model action: query_state bank_balance
State [bank_balance]: Balance check: $220.
Model action: query_state calendar
State [calendar]: (no updates)
Model action: query_state course_portal
State [course_portal]: (no updates)
Model action: query_state email
State [email]: (no updates)
Model action: query_state laundry_status
State [laundry_status]: Laundry status: idle.
Model action: query_state library_hold
State [library_hold]: (no updates)
Model action: query_state price_tracker
State [price_tracker]: Price check: item is $99.
Model action: query_state reservation_waitlist
State [reservation_waitlist]: (no updates)
Model action: query_state shipment_status
State [shipment_status]: Delivery status: no active shipment.
Model action: choose C

You add a reminder to yourself: On Saturday, Bring the pickup code when you notice the package locker light.
A) Stack papers
B) Take a breath
C) Check the time

Step action menu:
- task_8: Pay the parking app balance.
- task_18: Bring upstairs the folded chair.
- task_13: Pick up the hold.
- task_22: Save the receipt.
- task_10: Trim the receipt stack.
- task_4: Take asthma medication at 21:00.
- task_6: Take antibiotic at breakfast.
- task_3: Carry the laundry soap.
- task_15: Check the transit times.
- task_5: Plug in the tablet.
- task_2: Scan your calendar.
- task_7: Collect the dry cleaning.
- task_20: Take antibiotic at dinner.
- task_9: Take asthma medication at 11:00.
- task_19: Bring down the blankets.
Model action: query_state clock
State [clock]: Time 11:00 | Stopwatch: 175 min
Model action: query_state appointment_portal
State [appointment_portal]: (no updates)
Model action: query_state bank_balance
State [bank_balance]: Balance check: $220.
Model action: query_state calendar
State [calendar]: (no updates)
Model action: query_state course_portal
State [course_portal]: (no updates)
Model action: query_state email
State [email]: (no updates)
Model action: query_state laundry_status
State [laundry_status]: Laundry status: idle.
Model action: query_state library_hold
State [library_hold]: (no updates)
Model action: query_state price_tracker
State [price_tracker]: Price check: item is $99.
Model action: query_state reservation_waitlist
State [reservation_waitlist]: (no updates)
Model action: query_state shipment_status
State [shipment_status]: Delivery status: no active shipment.
Model action: choose C + task(s) asthma_1100

The dry cleaner has your order hanging on the front rack.
A) Order lunch
B) Sit down
C) Tidy your bag

Step action menu:
- task_20: Take antibiotic at dinner.
- task_7: Collect the dry cleaning.
- task_10: Trim the receipt stack.
- task_5: Plug in the tablet.
- task_8: Pay the parking app balance.
- task_22: Save the receipt.
- task_19: Bring down the blankets.
- task_13: Pick up the hold.
- task_17: Fold the sweater on the chair.
- task_18: Bring upstairs the folded chair.
- task_3: Carry the laundry soap.
- task_15: Check the transit times.
- task_4: Take asthma medication at 21:00.
- task_6: Take antibiotic at breakfast.
- task_9: Take asthma medication at 11:00.
Model action: query_state clock
State [clock]: Time 11:35 | Stopwatch: 210 min
Model action: query_state appointment_portal
State [appointment_portal]: (no updates)
Model action: query_state bank_balance
State [bank_balance]: Balance check: $220.
Model action: query_state calendar
State [calendar]: (no updates)
Model action: query_state course_portal
State [course_portal]: (no updates)
Model action: query_state email
State [email]: (no updates)
Model action: query_state laundry_status
State [laundry_status]: Laundry status: idle.
Model action: query_state library_hold
State [library_hold]: (no updates)
Model action: query_state price_tracker
State [price_tracker]: Price check: item is $99.
Model action: query_state reservation_waitlist
State [reservation_waitlist]: (no updates)
Model action: query_state shipment_status
State [shipment_status]: Delivery status: no active shipment.
Model action: choose C + task(s) dry_cleaner_rack_d5

You may get a library notice later today.
A) Open the app
B) Flag it for later
C) Keep your place in line

Step action menu:
- task_19: Bring down the blankets.
- task_3: Carry the laundry soap.
- task_17: Fold the sweater on the chair.
- task_4: Take asthma medication at 21:00.
- task_20: Take antibiotic at dinner.
- task_6: Take antibiotic at breakfast.
- task_8: Pay the parking app balance.
- task_9: Take asthma medication at 11:00.
- task_7: Collect the dry cleaning.
- task_11: Check your saved transfers.
- task_13: Pick up the hold.
- task_18: Bring upstairs the folded chair.
- task_15: Check the transit times.
- task_10: Trim the receipt stack.
- task_22: Save the receipt.
Model action: query_state clock
State [clock]: Time 11:50 | Stopwatch: 225 min
Model action: query_state appointment_portal
State [appointment_portal]: (no updates)
Model action: query_state bank_balance
State [bank_balance]: Balance check: $220.
Model action: query_state calendar
State [calendar]: (no updates)
Model action: query_state course_portal
State [course_portal]: (no updates)
Model action: query_state email
State [email]: (no updates)
Model action: query_state laundry_status
State [laundry_status]: Laundry status: idle.
Model action: query_state library_hold
State [library_hold]: (no updates)
Model action: query_state price_tracker
State [price_tracker]: Price check: item is $99.
Model action: query_state reservation_waitlist
State [reservation_waitlist]: (no updates)
Model action: query_state shipment_status
State [shipment_status]: Delivery status: no active shipment.
Model action: choose C + task(s) check_transit_times_1_d5

You look over the pickup receipt, send one quick reply, and move on.
A) Step outside
B) Stretch your shoulders
C) Read the sign

Step action menu:
- task_12: Clean the mug in the sink.
- task_15: Check the transit times.
- task_13: Pick up the hold.
- task_3: Carry the laundry soap.
- task_20: Take antibiotic at dinner.
- task_22: Save the receipt.
- task_9: Take asthma medication at 11:00.
- task_19: Bring down the blankets.
- task_4: Take asthma medication at 21:00.
- task_8: Pay the parking app balance.
- task_7: Collect the dry cleaning.
- task_10: Trim the receipt stack.
- task_6: Take antibiotic at breakfast.
- task_18: Bring upstairs the folded chair.
- task_21: Order a snack.
Model action: query_state clock
State [clock]: Time 13:00 | Stopwatch: 295 min
Model action: query_state appointment_portal
State [appointment_portal]: (no updates)
Model action: query_state bank_balance
State [bank_balance]: Balance check: $220.
Model action: query_state calendar
State [calendar]: (no updates)
Model action: query_state course_portal
State [course_portal]: (no updates)
Model action: query_state email
State [email]: (no updates)
Model action: query_state laundry_status
State [laundry_status]: Laundry status: idle.
Model action: query_state library_hold
State [library_hold]: (no updates)
Model action: query_state price_tracker
State [price_tracker]: Price check: item is $99.
Model action: query_state reservation_waitlist
State [reservation_waitlist]: (no updates)
Model action: query_state shipment_status
State [shipment_status]: Delivery status: no active shipment.
Model action: choose C

You check the time, tuck away the library slip, and head to the next thing.
A) Clear a spot
B) Lean on the counter
C) Check your messages

Step action menu:
- task_19: Bring down the blankets.
- task_9: Take asthma medication at 11:00.
- task_18: Bring upstairs the folded chair.
- task_4: Take asthma medication at 21:00.
- task_20: Take antibiotic at dinner.
- task_21: Order a snack.
- task_11: Check your saved transfers.
- task_3: Carry the laundry soap.
- task_6: Take antibiotic at breakfast.
- task_13: Pick up the hold.
- task_15: Check the transit times.
- task_8: Pay the parking app balance.
- task_17: Fold the sweater on the chair.
- task_22: Save the receipt.
- task_7: Collect the dry cleaning.
Model action: query_state clock
State [clock]: Time 15:05 | Stopwatch: 420 min
Model action: query_state appointment_portal
State [appointment_portal]: (no updates)
Model action: query_state bank_balance
State [bank_balance]: Balance check: $220.
Model action: query_state calendar
State [calendar]: (no updates)
Model action: query_state course_portal
State [course_portal]: (no updates)
Model action: query_state email
State [email]: (no updates)
Model action: query_state laundry_status
State [laundry_status]: Laundry status: idle.
Model action: query_state library_hold
State [library_hold]: (no updates)
Model action: query_state price_tracker
State [price_tracker]: Price check: item is $99.
Model action: query_state reservation_waitlist
State [reservation_waitlist]: (no updates)
Model action: query_state shipment_status
State [shipment_status]: Delivery status: no active shipment.
Model action: choose C

A laundry room cart is sitting empty near the door.
A) Pull up a list
B) Take a sip of water
C) Look for a pen

Step action menu:
- task_13: Pick up the hold.
- task_15: Check the transit times.
- task_17: Fold the sweater on the chair.
- task_6: Take antibiotic at breakfast.
- task_9: Take asthma medication at 11:00.
- task_10: Trim the receipt stack.
- task_5: Plug in the tablet.
- task_19: Bring down the blankets.
- task_8: Pay the parking app balance.
- task_4: Take asthma medication at 21:00.
- task_20: Take antibiotic at dinner.
- task_22: Save the receipt.
- task_18: Bring upstairs the folded chair.
- task_7: Collect the dry cleaning.
- task_3: Carry the laundry soap.
Model action: query_state clock
State [clock]: Time 17:25 | Stopwatch: 560 min
Model action: query_state appointment_portal
State [appointment_portal]: (no updates)
Model action: query_state bank_balance
State [bank_balance]: Balance check: $220.
Model action: query_state calendar
State [calendar]: (no updates)
Model action: query_state course_portal
State [course_portal]: (no updates)
Model action: query_state email
State [email]: (no updates)
Model action: query_state laundry_status
State [laundry_status]: Laundry status: idle.
Model action: query_state library_hold
State [library_hold]: (no updates)
Model action: query_state price_tracker
State [price_tracker]: Price check: item is $99.
Model action: query_state reservation_waitlist
State [reservation_waitlist]: (no updates)
Model action: query_state shipment_status
State [shipment_status]: Delivery status: no active shipment.
Model action: choose A + task(s) crossday_7, laundry_room_cart_d5

The storage cage has been left open for deliveries again.
A) Make a note
B) Adjust your bag
C) Wait a moment

Step action menu:
- task_15: Check the transit times.
- task_7: Collect the dry cleaning.
- task_10: Trim the receipt stack.
- task_9: Take asthma medication at 11:00.
- task_22: Save the receipt.
- task_5: Plug in the tablet.
- task_13: Pick up the hold.
- task_20: Take antibiotic at dinner.
- task_8: Pay the parking app balance.
- task_4: Take asthma medication at 21:00.
- task_19: Bring down the blankets.
- task_3: Carry the laundry soap.
- task_18: Bring upstairs the folded chair.
- task_6: Take antibiotic at breakfast.
- task_12: Clean the mug in the sink.
Model action: query_state clock
State [clock]: Time 18:50 | Stopwatch: 645 min
Model action: query_state appointment_portal
State [appointment_portal]: (no updates)
Model action: query_state bank_balance
State [bank_balance]: Balance check: $220.
Model action: query_state calendar
State [calendar]: (no updates)
Model action: query_state course_portal
State [course_portal]: (no updates)
Model action: query_state email
State [email]: New email: purchase confirmation received.
Model action: query_state laundry_status
State [laundry_status]: Laundry status: idle.
Model action: query_state library_hold
State [library_hold]: (no updates)
Model action: query_state price_tracker
State [price_tracker]: Price check: item is $99.
Model action: query_state reservation_waitlist
State [reservation_waitlist]: (no updates)
Model action: query_state shipment_status
State [shipment_status]: Delivery status: no active shipment.
Model action: choose A + task(s) storage_cage_d5, email_receipt_note_d5

Dinner is mostly a marker that the day has tilted into evening. A confirmation email comes in with the final details.
A) Start dinner
B) Put a pan on
C) Rinse vegetables

Step action menu:
- task_6: Take antibiotic at breakfast.
- task_8: Pay the parking app balance.
- task_20: Take antibiotic at dinner.
- task_12: Clean the mug in the sink.
- task_19: Bring down the blankets.
- task_9: Take asthma medication at 11:00.
- task_16: Wipe your glasses.
- task_22: Save the receipt.
- task_7: Collect the dry cleaning.
- task_15: Check the transit times.
- task_18: Bring upstairs the folded chair.
- task_4: Take asthma medication at 21:00.
- task_13: Pick up the hold.
- task_3: Carry the laundry soap.
- task_11: Check your saved transfers.
Model action: query_state clock
State [clock]: Time 20:40 | Stopwatch: 755 min
Model action: query_state appointment_portal
State [appointment_portal]: (no updates)
Model action: query_state bank_balance
State [bank_balance]: Balance check: $220.
Model action: query_state calendar
State [calendar]: (no updates)
Model action: query_state course_portal
State [course_portal]: (no updates)
Model action: query_state email
State [email]: (no updates)
Model action: query_state laundry_status
State [laundry_status]: Laundry status: idle.
Model action: query_state library_hold
State [library_hold]: Library notice: your hold is ready.
Model action: query_state price_tracker
State [price_tracker]: Price check: item is $99.
Model action: query_state reservation_waitlist
State [reservation_waitlist]: (no updates)
Model action: query_state shipment_status
State [shipment_status]: Delivery status: no active shipment.
Model action: choose C + task(s) library_hold_ready_d5

You set out tomorrow's things, move the tote bag into place, and head toward bed.
A) Brush your teeth
B) Read a page
C) Plug in your phone

Step action menu:
- task_20: Take antibiotic at dinner.
- task_21: Order a snack.
- task_13: Pick up the hold.
- task_9: Take asthma medication at 11:00.
- task_7: Collect the dry cleaning.
- task_4: Take asthma medication at 21:00.
- task_18: Bring upstairs the folded chair.
- task_22: Save the receipt.
- task_16: Wipe your glasses.
- task_6: Take antibiotic at breakfast.
- task_3: Carry the laundry soap.
- task_8: Pay the parking app balance.
- task_12: Clean the mug in the sink.
- task_19: Bring down the blankets.
- task_15: Check the transit times.
Model action: query_state clock
State [clock]: Time 21:00 | Stopwatch: 775 min
Model action: choose A + task(s) asthma_2100

=== Saturday ===
Today's loose plan:
- Add the new block when it appears on your calendar.
- Ask about the boxed lamp when the loading dock sign points to pickup.
- Book the appointment when a slot opens in the portal.
- Buzz in the courier when the doorbell camera flashes.
- Collect the package when the locker light turns green.
- Email the vendor at 16:30.
- Pick up the poster tube when it reaches the mailroom shelf.
- Submit the timesheet at 14:10.

You put breakfast together while mentally sorting out the day.
A) Pour coffee
B) Open a note
C) Check the window

Step action menu:
- task_17: Take antibiotic at dinner.
- task_25: Take asthma medication at 11:00.
- task_3: Take asthma medication at 21:00.
- task_24: Collect the package.
- task_10: Book the appointment.
- task_2: Bring the pickup code.
- task_6: Pick up the poster tube.
- task_19: Email the vendor.
- task_7: Add the new block.
- task_4: Check the weather.
- task_18: Clear old downloads.
- task_16: Carry the return label.
- task_1: Take antibiotic at breakfast.
- task_14: Make a cup of tea.
- task_9: Buzz in the courier.
- task_15: Ask about the boxed lamp.
- task_20: Submit the timesheet.
Model action: query_state clock
State [clock]: Time 08:20 | Stopwatch: 0 min
Model action: query_state appointment_portal
State [appointment_portal]: (no updates)
Model action: query_state bank_balance
State [bank_balance]: Balance check: $220.
Model action: query_state calendar
State [calendar]: (no updates)
Model action: query_state course_portal
State [course_portal]: (no updates)
Model action: query_state email
State [email]: (no updates)
Model action: query_state laundry_status
State [laundry_status]: Laundry status: idle.
Model action: query_state library_hold
State [library_hold]: (no updates)
Model action: query_state price_tracker
State [price_tracker]: Price check: item is $99.
Model action: query_state reservation_waitlist
State [reservation_waitlist]: (no updates)
Model action: query_state shipment_status
State [shipment_status]: Delivery status: no active shipment.
Model action: choose A + task(s) antibiotic_breakfast

You get a brief note that the timing for submit the timesheet has shifted. You still need to email the vendor later. The latest update puts submit the timesheet at 11:00.
A) Reply quickly
B) Keep walking
C) Put the phone away

Step action menu:
- task_3: Take asthma medication at 21:00.
- task_20: Submit the timesheet.
- task_19: Email the vendor.
- task_9: Buzz in the courier.
- task_16: Carry the return label.
- task_17: Take antibiotic at dinner.
- task_2: Bring the pickup code.
- task_24: Collect the package.
- task_11: Sort the mail.
- task_7: Add the new block.
- task_1: Take antibiotic at breakfast.
- task_21: Straighten the couch pillows.
- task_15: Ask about the boxed lamp.
- task_6: Pick up the poster tube.
- task_14: Make a cup of tea.
- task_25: Take asthma medication at 11:00.
- task_10: Book the appointment.
Model action: query_state clock
State [clock]: Time 10:20 | Stopwatch: 120 min
Model action: query_state appointment_portal
State [appointment_portal]: (no updates)
Model action: query_state bank_balance
State [bank_balance]: Balance check: $220.
Model action: query_state calendar
State [calendar]: (no updates)
Model action: query_state course_portal
State [course_portal]: (no updates)
Model action: query_state email
State [email]: (no updates)
Model action: query_state laundry_status
State [laundry_status]: Laundry status: idle.
Model action: query_state library_hold
State [library_hold]: (no updates)
Model action: query_state price_tracker
State [price_tracker]: Price check: item is $99.
Model action: query_state reservation_waitlist
State [reservation_waitlist]: (no updates)
Model action: query_state shipment_status
State [shipment_status]: Delivery status: no active shipment.
Model action: choose B

An updated time for email the vendor comes through. You keep submit the timesheet in the back of your mind. A reschedule note lands for email the vendor: move it to 11:50.
A) Fill a bottle
B) Look around
C) Keep moving

Step action menu:
- task_9: Buzz in the courier.
- task_18: Clear old downloads.
- task_7: Add the new block.
- task_2: Bring the pickup code.
- task_17: Take antibiotic at dinner.
- task_15: Ask about the boxed lamp.
- task_24: Collect the package.
- task_10: Book the appointment.
- task_20: Submit the timesheet.
- task_14: Make a cup of tea.
- task_25: Take asthma medication at 11:00.
- task_23: Refill your water bottle.
- task_3: Take asthma medication at 21:00.
- task_19: Email the vendor.
- task_6: Pick up the poster tube.
- task_1: Take antibiotic at breakfast.
- task_16: Carry the return label.
Model action: query_state clock
State [clock]: Time 11:00 | Stopwatch: 160 min
Model action: query_state appointment_portal
State [appointment_portal]: (no updates)
Model action: query_state bank_balance
State [bank_balance]: Balance check: $220.
Model action: query_state calendar
State [calendar]: (no updates)
Model action: query_state course_portal
State [course_portal]: (no updates)
Model action: query_state email
State [email]: (no updates)
Model action: query_state laundry_status
State [laundry_status]: Laundry status: idle.
Model action: query_state library_hold
State [library_hold]: (no updates)
Model action: query_state price_tracker
State [price_tracker]: Price check: item is $99.
Model action: query_state reservation_waitlist
State [reservation_waitlist]: (no updates)
Model action: query_state shipment_status
State [shipment_status]: Delivery status: no active shipment.
Model action: choose C + task(s) asthma_1100, submit_timesheet_1_d6

The doorbell camera flashes while you're still nearby. For a moment, you have a feeling the calendar may shift again before the day is over.
A) Stack papers
B) Take a breath
C) Check the time

Step action menu:
- task_2: Bring the pickup code.
- task_25: Take asthma medication at 11:00.
- task_20: Submit the timesheet.
- task_1: Take antibiotic at breakfast.
- task_16: Carry the return label.
- task_9: Buzz in the courier.
- task_6: Pick up the poster tube.
- task_3: Take asthma medication at 21:00.
- task_15: Ask about the boxed lamp.
- task_7: Add the new block.
- task_12: Call a friend.
- task_10: Book the appointment.
- task_8: Archive a few photos.
- task_17: Take antibiotic at dinner.
- task_24: Collect the package.
- task_19: Email the vendor.
- task_21: Straighten the couch pillows.
Model action: query_state clock
State [clock]: Time 11:50 | Stopwatch: 210 min
Model action: query_state appointment_portal
State [appointment_portal]: (no updates)
Model action: query_state bank_balance
State [bank_balance]: Balance check: $220.
Model action: query_state calendar
State [calendar]: (no updates)
Model action: query_state course_portal
State [course_portal]: (no updates)
Model action: query_state email
State [email]: (no updates)
Model action: query_state laundry_status
State [laundry_status]: Laundry status: idle.
Model action: query_state library_hold
State [library_hold]: (no updates)
Model action: query_state price_tracker
State [price_tracker]: Price check: item is $99.
Model action: query_state reservation_waitlist
State [reservation_waitlist]: (no updates)
Model action: query_state shipment_status
State [shipment_status]: Delivery status: no active shipment.
Model action: choose C + task(s) crossday_3, doorbell_camera_flash_d6, email_vendor_2_d6

The loading dock sign is pointing to a temporary pickup spot today.
A) Order lunch
B) Sit down
C) Tidy your bag

Step action menu:
- task_16: Carry the return label.
- task_20: Submit the timesheet.
- task_15: Ask about the boxed lamp.
- task_24: Collect the package.
- task_6: Pick up the poster tube.
- task_19: Email the vendor.
- task_3: Take asthma medication at 21:00.
- task_17: Take antibiotic at dinner.
- task_11: Sort the mail.
- task_2: Bring the pickup code.
- task_10: Book the appointment.
- task_25: Take asthma medication at 11:00.
- task_7: Add the new block.
- task_18: Clear old downloads.
- task_9: Buzz in the courier.
- task_1: Take antibiotic at breakfast.
- task_14: Make a cup of tea.
Model action: query_state clock
State [clock]: Time 14:10 | Stopwatch: 350 min
Model action: query_state appointment_portal
State [appointment_portal]: (no updates)
Model action: query_state bank_balance
State [bank_balance]: Balance check: $220.
Model action: query_state calendar
State [calendar]: Calendar update: new block added for today.
Model action: query_state course_portal
State [course_portal]: (no updates)
Model action: query_state email
State [email]: (no updates)
Model action: query_state laundry_status
State [laundry_status]: Laundry status: idle.
Model action: query_state library_hold
State [library_hold]: (no updates)
Model action: query_state price_tracker
State [price_tracker]: Price check: item is $99.
Model action: query_state reservation_waitlist
State [reservation_waitlist]: (no updates)
Model action: query_state shipment_status
State [shipment_status]: Delivery status: no active shipment.
Model action: choose C + task(s) loading_dock_sign_d6, calendar_new_block_d6

A tube-shaped package is sitting alone on the mailroom shelf.
A) Open the app
B) Flag it for later
C) Keep your place in line

Step action menu:
- task_3: Take asthma medication at 21:00.
- task_16: Carry the return label.
- task_2: Bring the pickup code.
- task_10: Book the appointment.
- task_19: Email the vendor.
- task_17: Take antibiotic at dinner.
- task_11: Sort the mail.
- task_7: Add the new block.
- task_24: Collect the package.
- task_15: Ask about the boxed lamp.
- task_1: Take antibiotic at breakfast.
- task_6: Pick up the poster tube.
- task_23: Refill your water bottle.
- task_25: Take asthma medication at 11:00.
- task_20: Submit the timesheet.
- task_14: Make a cup of tea.
- task_9: Buzz in the courier.
Model action: query_state clock
State [clock]: Time 16:30 | Stopwatch: 490 min
Model action: query_state appointment_portal
State [appointment_portal]: Appointment portal: a slot opened.
Model action: query_state bank_balance
State [bank_balance]: Balance check: $220.
Model action: query_state calendar
State [calendar]: (no updates)
Model action: query_state course_portal
State [course_portal]: (no updates)
Model action: query_state email
State [email]: (no updates)
Model action: query_state laundry_status
State [laundry_status]: Laundry status: idle.
Model action: query_state library_hold
State [library_hold]: (no updates)
Model action: query_state price_tracker
State [price_tracker]: Price check: item is $99.
Model action: query_state reservation_waitlist
State [reservation_waitlist]: (no updates)
Model action: query_state shipment_status
State [shipment_status]: Delivery status: no active shipment.
Model action: choose C + task(s) mailroom_shelf_d6, appointment_slot_open_d6

The package locker light is finally green instead of red.
A) Step outside
B) Stretch your shoulders
C) Read the sign

Step action menu:
- task_23: Refill your water bottle.
- task_20: Submit the timesheet.
- task_25: Take asthma medication at 11:00.
- task_9: Buzz in the courier.
- task_17: Take antibiotic at dinner.
- task_16: Carry the return label.
- task_19: Email the vendor.
- task_1: Take antibiotic at breakfast.
- task_24: Collect the package.
- task_5: Charge your phone.
- task_3: Take asthma medication at 21:00.
- task_8: Archive a few photos.
- task_2: Bring the pickup code.
- task_10: Book the appointment.
- task_15: Ask about the boxed lamp.
- task_6: Pick up the poster tube.
- task_7: Add the new block.
Model action: query_state clock
State [clock]: Time 17:40 | Stopwatch: 560 min
Model action: choose A + task(s) crossday_2, package_locker_light_d6

Dinner arrives after the day has already started spilling into the night.
A) Clear a spot
B) Lean on the counter
C) Check your messages

Step action menu:
- task_7: Add the new block.
- task_24: Collect the package.
- task_4: Check the weather.
- task_3: Take asthma medication at 21:00.
- task_6: Pick up the poster tube.
- task_17: Take antibiotic at dinner.
- task_10: Book the appointment.
- task_19: Email the vendor.
- task_9: Buzz in the courier.
- task_1: Take antibiotic at breakfast.
- task_18: Clear old downloads.
- task_15: Ask about the boxed lamp.
- task_20: Submit the timesheet.
- task_2: Bring the pickup code.
- task_5: Charge your phone.
- task_16: Carry the return label.
- task_25: Take asthma medication at 11:00.
Model action: query_state clock
State [clock]: Time 20:20 | Stopwatch: 720 min
Model action: choose A + task(s) antibiotic_dinner

You turn down the lights, leave the insurance card out for tomorrow, and settle in for the night.
A) Pull up a list
B) Take a sip of water
C) Look for a pen

Step action menu:
- task_21: Straighten the couch pillows.
- task_7: Add the new block.
- task_6: Pick up the poster tube.
- task_1: Take antibiotic at breakfast.
- task_25: Take asthma medication at 11:00.
- task_15: Ask about the boxed lamp.
- task_24: Collect the package.
- task_17: Take antibiotic at dinner.
- task_22: Clear off the desk.
- task_2: Bring the pickup code.
- task_16: Carry the return label.
- task_20: Submit the timesheet.
- task_10: Book the appointment.
- task_11: Sort the mail.
- task_19: Email the vendor.
- task_3: Take asthma medication at 21:00.
- task_9: Buzz in the courier.
Model action: query_state clock
State [clock]: Time 21:00 | Stopwatch: 760 min
Model action: choose B + task(s) asthma_2100

You brush your teeth, check that the pharmacy receipt is still where you need it, and head to bed.
A) Make a note
B) Adjust your bag
C) Wait a moment

Step action menu:
- task_25: Take asthma medication at 11:00.
- task_1: Take antibiotic at breakfast.
- task_4: Check the weather.
- task_17: Take antibiotic at dinner.
- task_21: Straighten the couch pillows.
- task_9: Buzz in the courier.
- task_19: Email the vendor.
- task_16: Carry the return label.
- task_10: Book the appointment.
- task_3: Take asthma medication at 21:00.
- task_2: Bring the pickup code.
- task_6: Pick up the poster tube.
- task_24: Collect the package.
- task_20: Submit the timesheet.
- task_8: Archive a few photos.
- task_7: Add the new block.
- task_15: Ask about the boxed lamp.
Model action: choose C

=== Sunday ===
You start the day with a short mental list:
- Check the lab portal at 13:00.
- Confirm the room number when the seminar sign is updated.
- Move money when the balance drops below $95.
- Review the lab notes at 18:15.
- Tape up the notice when the lecture hall side door is propped open.

Breakfast lands right before the rest of the day starts competing for space.
A) Pour coffee
B) Open a note
C) Check the window

Step action menu:
- task_9: Check the weather.
- task_19: Move money.
- task_12: Skim the headlines.
- task_8: Take antibiotic at breakfast.
- task_14: Take asthma medication at 11:00.
- task_6: Take asthma medication at 21:00.
- task_15: Take a short stretch break.
- task_17: Take antibiotic at dinner.
Model action: query_state clock
State [clock]: Time 08:05 | Stopwatch: 0 min
Model action: query_state appointment_portal
State [appointment_portal]: (no updates)
Model action: query_state bank_balance
State [bank_balance]: Balance check: $220.
Model action: query_state calendar
State [calendar]: (no updates)
Model action: query_state course_portal
State [course_portal]: (no updates)
Model action: query_state email
State [email]: (no updates)
Model action: query_state laundry_status
State [laundry_status]: Laundry status: idle.
Model action: query_state library_hold
State [library_hold]: (no updates)
Model action: query_state price_tracker
State [price_tracker]: Price check: item is $99.
Model action: query_state reservation_waitlist
State [reservation_waitlist]: (no updates)
Model action: query_state shipment_status
State [shipment_status]: Delivery status: no active shipment.
Model action: choose A + task(s) antibiotic_breakfast

You still need to review the lab notes later.
A) Reply quickly
B) Keep walking
C) Put the phone away

Step action menu:
- task_17: Take antibiotic at dinner.
- task_15: Take a short stretch break.
- task_6: Take asthma medication at 21:00.
- task_19: Move money.
- task_3: Trim the receipt stack.
- task_9: Check the weather.
- task_14: Take asthma medication at 11:00.
- task_8: Take antibiotic at breakfast.
Model action: query_state clock
State [clock]: Time 09:10 | Stopwatch: 65 min
Model action: query_state appointment_portal
State [appointment_portal]: (no updates)
Model action: query_state bank_balance
State [bank_balance]: Balance check: $220.
Model action: query_state calendar
State [calendar]: (no updates)
Model action: query_state course_portal
State [course_portal]: (no updates)
Model action: query_state email
State [email]: (no updates)
Model action: query_state laundry_status
State [laundry_status]: Laundry status: idle.
Model action: query_state library_hold
State [library_hold]: (no updates)
Model action: query_state price_tracker
State [price_tracker]: Price check: item is $99.
Model action: query_state reservation_waitlist
State [reservation_waitlist]: (no updates)
Model action: query_state shipment_status
State [shipment_status]: Delivery status: no active shipment.
Model action: choose B

For a moment, you keep in mind that your balance might dip later.
A) Fill a bottle
B) Look around
C) Keep moving

Step action menu:
- task_6: Take asthma medication at 21:00.
- task_1: Archive a few photos.
- task_17: Take antibiotic at dinner.
- task_16: Label a folder.
- task_19: Move money.
- task_15: Take a short stretch break.
- task_8: Take antibiotic at breakfast.
- task_14: Take asthma medication at 11:00.
Model action: query_state clock
State [clock]: Time 11:00 | Stopwatch: 175 min
Model action: query_state appointment_portal
State [appointment_portal]: (no updates)
Model action: query_state bank_balance
State [bank_balance]: Balance check: $220.
Model action: query_state calendar
State [calendar]: (no updates)
Model action: query_state course_portal
State [course_portal]: (no updates)
Model action: query_state email
State [email]: (no updates)
Model action: query_state laundry_status
State [laundry_status]: Laundry status: idle.
Model action: query_state library_hold
State [library_hold]: (no updates)
Model action: query_state price_tracker
State [price_tracker]: Price check: item is $99.
Model action: query_state reservation_waitlist
State [reservation_waitlist]: (no updates)
Model action: query_state shipment_status
State [shipment_status]: Delivery status: no active shipment.
Model action: choose C + task(s) asthma_1100

You keep telling yourself to check the lab portal before too long.
A) Stack papers
B) Take a breath
C) Check the time

Step action menu:
- task_7: Look up a recipe.
- task_19: Move money.
- task_11: Review the lab notes.
- task_8: Take antibiotic at breakfast.
- task_14: Take asthma medication at 11:00.
- task_5: Check the lab portal.
- task_6: Take asthma medication at 21:00.
- task_17: Take antibiotic at dinner.
- task_9: Check the weather.
- task_3: Trim the receipt stack.
Model action: query_state clock
State [clock]: Time 11:50 | Stopwatch: 225 min
Model action: query_state appointment_portal
State [appointment_portal]: (no updates)
Model action: query_state bank_balance
State [bank_balance]: Balance check: $220.
Model action: query_state calendar
State [calendar]: (no updates)
Model action: query_state course_portal
State [course_portal]: (no updates)
Model action: query_state email
State [email]: (no updates)
Model action: query_state laundry_status
State [laundry_status]: Laundry status: idle.
Model action: query_state library_hold
State [library_hold]: (no updates)
Model action: query_state price_tracker
State [price_tracker]: Price check: item is $99.
Model action: query_state reservation_waitlist
State [reservation_waitlist]: (no updates)
Model action: query_state shipment_status
State [shipment_status]: Delivery status: no active shipment.
Model action: choose C

The seminar sign has today's room scribbled in the corner.
A) Order lunch
B) Sit down
C) Tidy your bag

Step action menu:
- task_14: Take asthma medication at 11:00.
- task_4: Scan the loose receipts.
- task_19: Move money.
- task_8: Take antibiotic at breakfast.
- task_11: Review the lab notes.
- task_17: Take antibiotic at dinner.
- task_2: Sort the mail.
- task_6: Take asthma medication at 21:00.
- task_13: Confirm the room number.
- task_15: Take a short stretch break.
- task_5: Check the lab portal.
Model action: query_state clock
State [clock]: Time 13:00 | Stopwatch: 295 min
Model action: query_state appointment_portal
State [appointment_portal]: (no updates)
Model action: query_state bank_balance
State [bank_balance]: Balance check: $220.
Model action: query_state calendar
State [calendar]: (no updates)
Model action: query_state course_portal
State [course_portal]: (no updates)
Model action: query_state email
State [email]: (no updates)
Model action: query_state laundry_status
State [laundry_status]: Laundry status: idle.
Model action: query_state library_hold
State [library_hold]: (no updates)
Model action: query_state price_tracker
State [price_tracker]: Price check: item is $99.
Model action: query_state reservation_waitlist
State [reservation_waitlist]: (no updates)
Model action: query_state shipment_status
State [shipment_status]: Delivery status: no active shipment.
Model action: choose B + task(s) check_lab_portal_2_d7, seminar_sign_d7

The lecture hall side door is propped open while the room resets.
A) Open the app
B) Flag it for later
C) Keep your place in line

Step action menu:
- task_7: Look up a recipe.
- task_4: Scan the loose receipts.
- task_12: Skim the headlines.
- task_5: Check the lab portal.
- task_8: Take antibiotic at breakfast.
- task_10: Tape up the notice.
- task_11: Review the lab notes.
- task_13: Confirm the room number.
- task_14: Take asthma medication at 11:00.
- task_19: Move money.
- task_6: Take asthma medication at 21:00.
- task_17: Take antibiotic at dinner.
Model action: query_state clock
State [clock]: Time 15:05 | Stopwatch: 420 min
Model action: query_state appointment_portal
State [appointment_portal]: (no updates)
Model action: query_state bank_balance
State [bank_balance]: Balance check: $220.
Model action: query_state calendar
State [calendar]: (no updates)
Model action: query_state course_portal
State [course_portal]: (no updates)
Model action: query_state email
State [email]: (no updates)
Model action: query_state laundry_status
State [laundry_status]: Laundry status: idle.
Model action: query_state library_hold
State [library_hold]: (no updates)
Model action: query_state price_tracker
State [price_tracker]: Price check: item is $99.
Model action: query_state reservation_waitlist
State [reservation_waitlist]: (no updates)
Model action: query_state shipment_status
State [shipment_status]: Delivery status: no active shipment.
Model action: choose C + task(s) lecture_side_door_d7

You look over the note on your phone, send one quick reply, and move on.
A) Step outside
B) Stretch your shoulders
C) Read the sign

Step action menu:
- task_8: Take antibiotic at breakfast.
- task_19: Move money.
- task_14: Take asthma medication at 11:00.
- task_2: Sort the mail.
- task_10: Tape up the notice.
- task_11: Review the lab notes.
- task_3: Trim the receipt stack.
- task_5: Check the lab portal.
- task_6: Take asthma medication at 21:00.
- task_13: Confirm the room number.
- task_17: Take antibiotic at dinner.
- task_16: Label a folder.
Model action: query_state clock
State [clock]: Time 16:15 | Stopwatch: 490 min
Model action: query_state appointment_portal
State [appointment_portal]: (no updates)
Model action: query_state bank_balance
State [bank_balance]: Balance check: $92.
Model action: query_state calendar
State [calendar]: (no updates)
Model action: query_state course_portal
State [course_portal]: (no updates)
Model action: query_state email
State [email]: (no updates)
Model action: query_state laundry_status
State [laundry_status]: Laundry status: idle.
Model action: query_state library_hold
State [library_hold]: (no updates)
Model action: query_state price_tracker
State [price_tracker]: Price check: item is $99.
Model action: query_state reservation_waitlist
State [reservation_waitlist]: (no updates)
Model action: query_state shipment_status
State [shipment_status]: Delivery status: no active shipment.
Model action: choose B + task(s) balance_low_95_d7

A reschedule note about review the lab notes flashes across the top of your screen. You get a small scheduling change: review the lab notes is better at 21:00.
A) Clear a spot
B) Lean on the counter
C) Check your messages

Step action menu:
- task_18: Switch over the laundry basket.
- task_10: Tape up the notice.
- task_16: Label a folder.
- task_8: Take antibiotic at breakfast.
- task_5: Check the lab portal.
- task_14: Take asthma medication at 11:00.
- task_13: Confirm the room number.
- task_12: Skim the headlines.
- task_17: Take antibiotic at dinner.
- task_11: Review the lab notes.
- task_6: Take asthma medication at 21:00.
- task_19: Move money.
Model action: query_state clock
State [clock]: Time 17:25 | Stopwatch: 560 min
Model action: choose C

You set your keys near the door and look at what is still left tonight.
A) Pull up a list
B) Take a sip of water
C) Look for a pen

Step action menu:
- task_13: Confirm the room number.
- task_10: Tape up the notice.
- task_6: Take asthma medication at 21:00.
- task_19: Move money.
- task_12: Skim the headlines.
- task_17: Take antibiotic at dinner.
- task_16: Label a folder.
- task_8: Take antibiotic at breakfast.
- task_11: Review the lab notes.
- task_5: Check the lab portal.
- task_1: Archive a few photos.
- task_14: Take asthma medication at 11:00.
Model action: query_state clock
State [clock]: Time 18:15 | Stopwatch: 610 min
Model action: choose A

You pull dinner together before the rest of the night gets thinner and quieter.
A) Make a note
B) Adjust your bag
C) Wait a moment

Step action menu:
- task_18: Switch over the laundry basket.
- task_13: Confirm the room number.
- task_19: Move money.
- task_17: Take antibiotic at dinner.
- task_2: Sort the mail.
- task_8: Take antibiotic at breakfast.
- task_12: Skim the headlines.
- task_10: Tape up the notice.
- task_11: Review the lab notes.
- task_14: Take asthma medication at 11:00.
- task_6: Take asthma medication at 21:00.
- task_5: Check the lab portal.
Model action: query_state clock
State [clock]: Time 18:35 | Stopwatch: 630 min
Model action: choose A + task(s) antibiotic_dinner

You check the lock, set the handout packet down, and let the day end.
A) Start dinner
B) Put a pan on
C) Rinse vegetables

Step action menu:
- task_13: Confirm the room number.
- task_18: Switch over the laundry basket.
- task_19: Move money.
- task_11: Review the lab notes.
- task_17: Take antibiotic at dinner.
- task_8: Take antibiotic at breakfast.
- task_5: Check the lab portal.
- task_2: Sort the mail.
- task_12: Skim the headlines.
- task_6: Take asthma medication at 21:00.
- task_10: Tape up the notice.
- task_14: Take asthma medication at 11:00.
Model action: query_state clock
State [clock]: Time 21:00 | Stopwatch: 775 min
Model action: choose A + task(s) asthma_2100, review_lab_notes_1_d7

Wrote log: /home/ilien/Projects/muninn/crates/muninn-bench/experiment/results/pmbench/round8-sonnet/v9/plain_store/plain-store-20260913-084254-2783719-claude-sonnet-5/plain-store-20260913-084254-2783719-claude-sonnet-5.jsonl
model calls: 167 | est input tokens: 143129 | guard events: 0
=== PM-Bench Report ===
Run timing: start 2026-09-13T14:42:54.838Z | end 2026-09-13T14:51:30.476Z | duration 8m 35.6s
Hit: 78 | Late: 0 | Miss: 3 | False alarms: 1 | Commission: 0 | Wrong-content: 0 | Dependency violations: 0 | Overkill steps: 1 | state query calls: 627 | check_time calls: 77 | Actions: 79
Exact-set: matches 77 | mismatches 3 | reward 74
Set micro: TP 78 | FP 1 | FN 3
Cross-day: hit 7 | late 0 | miss 0 | total 7
Updates: hit 8 | late 0 | miss 1 | canceled 2 | total 11 | violations 1
Rates: hit 96.3% | late 0.0% | miss 3.7% | false alarm/step 1.2% | commission 0.0% | wrong-content 0.0% | dependency/step 0.0% | overkill/step 1.2% | cross-day miss 0.0% | update miss 11.1% | precision_hit 98.7% | precision_any 98.7% | exact-set match rate 96.2% | exact-set avg reward 0.925 | set_precision 98.7% | set_recall 96.3% | set_f1 97.5%
State query calls by channel (overall): appointment_portal=55 | bank_balance=55 | calendar=55 | clock=77 | course_portal=55 | email=55 | laundry_status=55 | library_hold=55 | price_tracker=55 | reservation_waitlist=55 | shipment_status=55
Hit rates (by modality): event 94.7% | time 100.0%
Monitoring categories (overall): no-proactive hit 39 | late 0 | miss 3 | total 42 | hit-rate 92.9% | any-rate 92.9%
Monitoring categories (overall): proactive-required hit 39 | late 0 | miss 0 | total 39 | hit-rate(no-late-credit) 100.0% | any-rate 100.0%
Proactive-required by channel (no late credit):
  appointment_portal: hit 3 | late 0 | miss 0 | total 3 | hit-rate(no-late-credit) 100.0% | any-rate 100.0%
  bank_balance: hit 2 | late 0 | miss 0 | total 2 | hit-rate(no-late-credit) 100.0% | any-rate 100.0%
  calendar: hit 3 | late 0 | miss 0 | total 3 | hit-rate(no-late-credit) 100.0% | any-rate 100.0%
  clock: hit 24 | late 0 | miss 0 | total 24 | hit-rate(no-late-credit) 100.0% | any-rate 100.0%
  course_portal: hit 1 | late 0 | miss 0 | total 1 | hit-rate(no-late-credit) 100.0% | any-rate 100.0%
  email: hit 2 | late 0 | miss 0 | total 2 | hit-rate(no-late-credit) 100.0% | any-rate 100.0%
  library_hold: hit 3 | late 0 | miss 0 | total 3 | hit-rate(no-late-credit) 100.0% | any-rate 100.0%
  shipment_status: hit 1 | late 0 | miss 0 | total 1 | hit-rate(no-late-credit) 100.0% | any-rate 100.0%

Monday
  Hit: 12 | Late: 0 | Miss: 0 | False alarms: 0 | Commission: 0 | Wrong-content: 0 | Dependency violations: 0 | Overkill steps: 0 | check_time calls: 12 | Actions: 12
  Exact-set: matches 13 | mismatches 0 | reward 13
  Set micro: TP 12 | FP 0 | FN 0
  Cross-day: hit 0 | late 0 | miss 0 | total 0
  Updates: hit 2 | late 0 | miss 0 | canceled 0 | total 2 | violations 0
  Rates: hit 100.0% | late 0.0% | miss 0.0% | false alarm/step 0.0% | commission 0.0% | wrong-content 0.0% | dependency/step 0.0% | overkill/step 0.0% | cross-day miss n/a | update miss 0.0% | precision_hit 100.0% | precision_any 100.0% | exact-set match rate 100.0% | exact-set avg reward 1.000 | set_precision 100.0% | set_recall 100.0% | set_f1 100.0%
  State query calls by channel: appointment_portal=10 | bank_balance=10 | calendar=10 | clock=12 | course_portal=10 | email=10 | laundry_status=10 | library_hold=10 | price_tracker=10 | reservation_waitlist=10 | shipment_status=10
  Hit rates (by modality): event 100.0% | time 100.0%
  Monitoring categories: no-proactive hit 6 | late 0 | miss 0 | total 6 | hit-rate 100.0% | any-rate 100.0%
  Monitoring categories: proactive-required hit 6 | late 0 | miss 0 | total 6 | hit-rate(no-late-credit) 100.0% | any-rate 100.0%
  By type:
    event: hit 9 | late 0 | miss 0 | total 9
    time: hit 3 | late 0 | miss 0 | total 3
  By regularity:
    regular: hit 4 | late 0 | miss 0 | total 4
    irregular: hit 8 | late 0 | miss 0 | total 8
  By monitoring:
    no_proactive_monitoring: hit 6 | late 0 | miss 0 | total 6
    proactive_monitoring_required: hit 6 | late 0 | miss 0 | total 6
  Proactive required by channel:
    appointment_portal: hit 2 | late 0 | miss 0 | total 2
    clock: hit 3 | late 0 | miss 0 | total 3
    library_hold: hit 1 | late 0 | miss 0 | total 1

Tuesday
  Hit: 11 | Late: 0 | Miss: 0 | False alarms: 0 | Commission: 0 | Wrong-content: 0 | Dependency violations: 0 | Overkill steps: 0 | check_time calls: 12 | Actions: 11
  Exact-set: matches 13 | mismatches 0 | reward 13
  Set micro: TP 11 | FP 0 | FN 0
  Cross-day: hit 0 | late 0 | miss 0 | total 0
  Updates: hit 2 | late 0 | miss 0 | canceled 0 | total 2 | violations 0
  Rates: hit 100.0% | late 0.0% | miss 0.0% | false alarm/step 0.0% | commission 0.0% | wrong-content 0.0% | dependency/step 0.0% | overkill/step 0.0% | cross-day miss n/a | update miss 0.0% | precision_hit 100.0% | precision_any 100.0% | exact-set match rate 100.0% | exact-set avg reward 1.000 | set_precision 100.0% | set_recall 100.0% | set_f1 100.0%
  State query calls by channel: appointment_portal=9 | bank_balance=9 | calendar=9 | clock=12 | course_portal=9 | email=9 | laundry_status=9 | library_hold=9 | price_tracker=9 | reservation_waitlist=9 | shipment_status=9
  Hit rates (by modality): event 100.0% | time 100.0%
  Monitoring categories: no-proactive hit 4 | late 0 | miss 0 | total 4 | hit-rate 100.0% | any-rate 100.0%
  Monitoring categories: proactive-required hit 7 | late 0 | miss 0 | total 7 | hit-rate(no-late-credit) 100.0% | any-rate 100.0%
  By type:
    event: hit 7 | late 0 | miss 0 | total 7
    time: hit 4 | late 0 | miss 0 | total 4
  By regularity:
    regular: hit 4 | late 0 | miss 0 | total 4
    irregular: hit 7 | late 0 | miss 0 | total 7
  By monitoring:
    no_proactive_monitoring: hit 4 | late 0 | miss 0 | total 4
    proactive_monitoring_required: hit 7 | late 0 | miss 0 | total 7
  Proactive required by channel:
    calendar: hit 2 | late 0 | miss 0 | total 2
    clock: hit 4 | late 0 | miss 0 | total 4
    email: hit 1 | late 0 | miss 0 | total 1

Wednesday
  Hit: 11 | Late: 0 | Miss: 0 | False alarms: 0 | Commission: 0 | Wrong-content: 0 | Dependency violations: 0 | Overkill steps: 0 | check_time calls: 10 | Actions: 11
  Exact-set: matches 10 | mismatches 0 | reward 10
  Set micro: TP 11 | FP 0 | FN 0
  Cross-day: hit 2 | late 0 | miss 0 | total 2
  Updates: hit 0 | late 0 | miss 0 | canceled 2 | total 2 | violations 0
  Rates: hit 100.0% | late 0.0% | miss 0.0% | false alarm/step 0.0% | commission 0.0% | wrong-content 0.0% | dependency/step 0.0% | overkill/step 0.0% | cross-day miss 0.0% | update miss n/a | precision_hit 100.0% | precision_any 100.0% | exact-set match rate 100.0% | exact-set avg reward 1.000 | set_precision 100.0% | set_recall 100.0% | set_f1 100.0%
  State query calls by channel: appointment_portal=9 | bank_balance=9 | calendar=9 | clock=10 | course_portal=9 | email=9 | laundry_status=9 | library_hold=9 | price_tracker=9 | reservation_waitlist=9 | shipment_status=9
  Hit rates (by modality): event 100.0% | time 100.0%
  Monitoring categories: no-proactive hit 6 | late 0 | miss 0 | total 6 | hit-rate 100.0% | any-rate 100.0%
  Monitoring categories: proactive-required hit 5 | late 0 | miss 0 | total 5 | hit-rate(no-late-credit) 100.0% | any-rate 100.0%
  By type:
    event: hit 9 | late 0 | miss 0 | total 9
    time: hit 2 | late 0 | miss 0 | total 2
  By regularity:
    regular: hit 4 | late 0 | miss 0 | total 4
    irregular: hit 7 | late 0 | miss 0 | total 7
  By monitoring:
    no_proactive_monitoring: hit 6 | late 0 | miss 0 | total 6
    proactive_monitoring_required: hit 5 | late 0 | miss 0 | total 5
  Proactive required by channel:
    bank_balance: hit 1 | late 0 | miss 0 | total 1
    clock: hit 2 | late 0 | miss 0 | total 2
    course_portal: hit 1 | late 0 | miss 0 | total 1
    library_hold: hit 1 | late 0 | miss 0 | total 1

Thursday
  Hit: 11 | Late: 0 | Miss: 1 | False alarms: 0 | Commission: 0 | Wrong-content: 0 | Dependency violations: 0 | Overkill steps: 0 | check_time calls: 11 | Actions: 11
  Exact-set: matches 10 | mismatches 1 | reward 9
  Set micro: TP 11 | FP 0 | FN 1
  Cross-day: hit 2 | late 0 | miss 0 | total 2
  Updates: hit 1 | late 0 | miss 0 | canceled 0 | total 1 | violations 0
  Rates: hit 91.7% | late 0.0% | miss 8.3% | false alarm/step 0.0% | commission 0.0% | wrong-content 0.0% | dependency/step 0.0% | overkill/step 0.0% | cross-day miss 0.0% | update miss 0.0% | precision_hit 100.0% | precision_any 100.0% | exact-set match rate 90.9% | exact-set avg reward 0.818 | set_precision 100.0% | set_recall 91.7% | set_f1 95.7%
  State query calls by channel: appointment_portal=3 | bank_balance=3 | calendar=3 | clock=11 | course_portal=3 | email=3 | laundry_status=3 | library_hold=3 | price_tracker=3 | reservation_waitlist=3 | shipment_status=3
  Hit rates (by modality): event 88.9% | time 100.0%
  Monitoring categories: no-proactive hit 7 | late 0 | miss 1 | total 8 | hit-rate 87.5% | any-rate 87.5%
  Monitoring categories: proactive-required hit 4 | late 0 | miss 0 | total 4 | hit-rate(no-late-credit) 100.0% | any-rate 100.0%
  By type:
    event: hit 8 | late 0 | miss 1 | total 9
    time: hit 3 | late 0 | miss 0 | total 3
  By regularity:
    regular: hit 4 | late 0 | miss 0 | total 4
    irregular: hit 7 | late 0 | miss 1 | total 8
  By monitoring:
    no_proactive_monitoring: hit 7 | late 0 | miss 1 | total 8
    proactive_monitoring_required: hit 4 | late 0 | miss 0 | total 4
  Proactive required by channel:
    clock: hit 3 | late 0 | miss 0 | total 3
    shipment_status: hit 1 | late 0 | miss 0 | total 1

Friday
  Hit: 10 | Late: 0 | Miss: 2 | False alarms: 1 | Commission: 0 | Wrong-content: 0 | Dependency violations: 0 | Overkill steps: 1 | check_time calls: 12 | Actions: 11
  Exact-set: matches 10 | mismatches 2 | reward 8
  Set micro: TP 10 | FP 1 | FN 2
  Cross-day: hit 1 | late 0 | miss 0 | total 1
  Updates: hit 0 | late 0 | miss 1 | canceled 0 | total 1 | violations 1
  Rates: hit 83.3% | late 0.0% | miss 16.7% | false alarm/step 8.3% | commission 0.0% | wrong-content 0.0% | dependency/step 0.0% | overkill/step 8.3% | cross-day miss 0.0% | update miss 100.0% | precision_hit 90.9% | precision_any 90.9% | exact-set match rate 83.3% | exact-set avg reward 0.667 | set_precision 90.9% | set_recall 83.3% | set_f1 87.0%
  State query calls by channel: appointment_portal=11 | bank_balance=11 | calendar=11 | clock=12 | course_portal=11 | email=11 | laundry_status=11 | library_hold=11 | price_tracker=11 | reservation_waitlist=11 | shipment_status=11
  Hit rates (by modality): event 75.0% | time 100.0%
  Monitoring categories: no-proactive hit 4 | late 0 | miss 2 | total 6 | hit-rate 66.7% | any-rate 66.7%
  Monitoring categories: proactive-required hit 6 | late 0 | miss 0 | total 6 | hit-rate(no-late-credit) 100.0% | any-rate 100.0%
  By type:
    event: hit 6 | late 0 | miss 2 | total 8
    time: hit 4 | late 0 | miss 0 | total 4
  By regularity:
    regular: hit 3 | late 0 | miss 1 | total 4
    irregular: hit 7 | late 0 | miss 1 | total 8
  By monitoring:
    no_proactive_monitoring: hit 4 | late 0 | miss 2 | total 6
    proactive_monitoring_required: hit 6 | late 0 | miss 0 | total 6
  Proactive required by channel:
    clock: hit 4 | late 0 | miss 0 | total 4
    email: hit 1 | late 0 | miss 0 | total 1
    library_hold: hit 1 | late 0 | miss 0 | total 1

Saturday
  Hit: 14 | Late: 0 | Miss: 0 | False alarms: 0 | Commission: 0 | Wrong-content: 0 | Dependency violations: 0 | Overkill steps: 0 | check_time calls: 9 | Actions: 14
  Exact-set: matches 10 | mismatches 0 | reward 10
  Set micro: TP 14 | FP 0 | FN 0
  Cross-day: hit 2 | late 0 | miss 0 | total 2
  Updates: hit 2 | late 0 | miss 0 | canceled 0 | total 2 | violations 0
  Rates: hit 100.0% | late 0.0% | miss 0.0% | false alarm/step 0.0% | commission 0.0% | wrong-content 0.0% | dependency/step 0.0% | overkill/step 0.0% | cross-day miss 0.0% | update miss 0.0% | precision_hit 100.0% | precision_any 100.0% | exact-set match rate 100.0% | exact-set avg reward 1.000 | set_precision 100.0% | set_recall 100.0% | set_f1 100.0%
  State query calls by channel: appointment_portal=6 | bank_balance=6 | calendar=6 | clock=9 | course_portal=6 | email=6 | laundry_status=6 | library_hold=6 | price_tracker=6 | reservation_waitlist=6 | shipment_status=6
  Hit rates (by modality): event 100.0% | time 100.0%
  Monitoring categories: no-proactive hit 8 | late 0 | miss 0 | total 8 | hit-rate 100.0% | any-rate 100.0%
  Monitoring categories: proactive-required hit 6 | late 0 | miss 0 | total 6 | hit-rate(no-late-credit) 100.0% | any-rate 100.0%
  By type:
    event: hit 10 | late 0 | miss 0 | total 10
    time: hit 4 | late 0 | miss 0 | total 4
  By regularity:
    regular: hit 4 | late 0 | miss 0 | total 4
    irregular: hit 10 | late 0 | miss 0 | total 10
  By monitoring:
    no_proactive_monitoring: hit 8 | late 0 | miss 0 | total 8
    proactive_monitoring_required: hit 6 | late 0 | miss 0 | total 6
  Proactive required by channel:
    appointment_portal: hit 1 | late 0 | miss 0 | total 1
    calendar: hit 1 | late 0 | miss 0 | total 1
    clock: hit 4 | late 0 | miss 0 | total 4

Sunday
  Hit: 9 | Late: 0 | Miss: 0 | False alarms: 0 | Commission: 0 | Wrong-content: 0 | Dependency violations: 0 | Overkill steps: 0 | check_time calls: 11 | Actions: 9
  Exact-set: matches 11 | mismatches 0 | reward 11
  Set micro: TP 9 | FP 0 | FN 0
  Cross-day: hit 0 | late 0 | miss 0 | total 0
  Updates: hit 1 | late 0 | miss 0 | canceled 0 | total 1 | violations 0
  Rates: hit 100.0% | late 0.0% | miss 0.0% | false alarm/step 0.0% | commission 0.0% | wrong-content 0.0% | dependency/step 0.0% | overkill/step 0.0% | cross-day miss n/a | update miss 0.0% | precision_hit 100.0% | precision_any 100.0% | exact-set match rate 100.0% | exact-set avg reward 1.000 | set_precision 100.0% | set_recall 100.0% | set_f1 100.0%
  State query calls by channel: appointment_portal=7 | bank_balance=7 | calendar=7 | clock=11 | course_portal=7 | email=7 | laundry_status=7 | library_hold=7 | price_tracker=7 | reservation_waitlist=7 | shipment_status=7
  Hit rates (by modality): event 100.0% | time 100.0%
  Monitoring categories: no-proactive hit 4 | late 0 | miss 0 | total 4 | hit-rate 100.0% | any-rate 100.0%
  Monitoring categories: proactive-required hit 5 | late 0 | miss 0 | total 5 | hit-rate(no-late-credit) 100.0% | any-rate 100.0%
  By type:
    event: hit 5 | late 0 | miss 0 | total 5
    time: hit 4 | late 0 | miss 0 | total 4
  By regularity:
    regular: hit 4 | late 0 | miss 0 | total 4
    irregular: hit 5 | late 0 | miss 0 | total 5
  By monitoring:
    no_proactive_monitoring: hit 4 | late 0 | miss 0 | total 4
    proactive_monitoring_required: hit 5 | late 0 | miss 0 | total 5
  Proactive required by channel:
    bank_balance: hit 1 | late 0 | miss 0 | total 1
    clock: hit 4 | late 0 | miss 0 | total 4
